assumption,recommended_value,units,use_in_model,source_type,citation,url,note
uptake_nirsevimab_2023_24,0.185,proportion of infants,Sensitivity value for infant nirsevimab uptake under 2023-24 implementation.,CDC/MMWR surveillance,"Boundy EO, Fast H, Jatlaoui TC, et al. Respiratory Syncytial Virus Immunization Coverage Among Infants Through Receipt of Nirsevimab Monoclonal Antibody or Maternal Vaccination - United States, October 2023-March 2024. MMWR Morb Mortal Wkly Rep. 2025;74(31):484-489.",https://www.cdc.gov/mmwr/volumes/74/wr/mm7431a3.htm,"The first U.S. season had supply constraints, so this is an empirical lower-bound implementation scenario rather than a desired steady-state value."
combined_infant_protection_2024_25,0.57,proportion of infants,Alternative uptake prior if modeling total infant protection from nirsevimab or maternal RSV vaccination rather than infant nirsevimab alone.,CDC/ACIP implementation data,"CDC ACIP presentation, June 2025: Preliminary estimates of 2024-25 infant RSV protection through maternal vaccination or nirsevimab.",https://www.cdc.gov/acip/downloads/slides-2025-06-25-26/02-Peacock-Mat-Peds-RSV-508.pdf,Use cautiously for this project because it combines maternal vaccination and infant nirsevimab rather than isolating infant prophylaxis.
newborn_first_week_nirsevimab_receipt,0.381,proportion of nirsevimab recipients,Prior for newborn/birth-hospitalization or first-week dosing among infants born during the administration window.,CDC/MMWR surveillance,"Boundy EO, Fast H, Jatlaoui TC, et al. Respiratory Syncytial Virus Immunization Coverage Among Infants Through Receipt of Nirsevimab Monoclonal Antibody or Maternal Vaccination - United States, October 2023-March 2024. MMWR Morb Mortal Wkly Rep. 2025;74(31):484-489.",https://www.cdc.gov/mmwr/volumes/74/wr/mm7431a3.htm,"MMWR reports 38.1% of infants receiving nirsevimab received it at age 0-6 days; this is a first-week dosing proxy, not a pure inpatient-only estimate."
routine_visit_completion_first_15_months,0.59,proportion with >=6 well-child visits,Prior for an on-schedule routine-visit pathway; the complementary share can be modeled as delayed or missed routine opportunities.,CMS/NCQA quality measure,"CMS Medicaid and CHIP Child Core Set / NCQA HEDIS W30: Well-Child Visits in the First 30 Months of Life, first 15 months, six or more visits.",https://www.ncqa.org/hedis/measures/well-child-visits-in-the-first-30-months-of-life/,"This is a pragmatic visit-adherence prior. It measures completion of six or more visits by 15 months, not exact timing of each scheduled visit."
routine_visit_delay_days,14,days,Simple delay applied to the imperfect-visit pathway if we model delayed rather than fully missed routine opportunities.,Scenario calibration,Scenario assumption paired with CMS/NCQA W30 visit-completion data; no single national source provides exact delay distributions for every recommended infant well-child visit.,https://www.ncqa.org/hedis/measures/well-child-visits-in-the-first-30-months-of-life/,"Keep this as a sensitivity parameter, not a directly observed estimate."
peak_medically_attended_rsv_ari_effectiveness,0.89,effectiveness,Optional endpoint-specific anchor for NSSP/medically attended RSV sensitivity.,Peer-reviewed postlicensure study,"Moline HL, Toepfer AP, Tannis A, et al. Respiratory Syncytial Virus Disease Burden and Nirsevimab Effectiveness in Young Children From 2023-2024. JAMA Pediatr. 2025;179(2):179-187. doi:10.1001/jamapediatrics.2024.5572.",https://jamanetwork.com/journals/jamapediatrics/fullarticle/2827176,Retained as an optional endpoint-specific anchor; main infant-model figures use the Moline et al. 2026 hospitalization time-since-dose curve.
peak_rsv_hospitalization_effectiveness,0.93,effectiveness,Optional endpoint-specific peak efficacy anchor for NHSN hospitalization sensitivity.,Peer-reviewed postlicensure study,"Moline HL, Toepfer AP, Tannis A, et al. Respiratory Syncytial Virus Disease Burden and Nirsevimab Effectiveness in Young Children From 2023-2024. JAMA Pediatr. 2025;179(2):179-187. doi:10.1001/jamapediatrics.2024.5572.",https://jamanetwork.com/journals/jamapediatrics/fullarticle/2827176,Retained as a 2023-24 anchor; main infant-model figures use the later Moline et al. 2026 hospitalization time-since-dose curve.
moline_smoothed_time_since_dose_hospitalization_effectiveness,0.936 at day 6; 0.807 at day 45; 0.789 at day 210,effectiveness,Smoothed efficacy-weighted sensitivity curve for the main infant-model figures.,Peer-reviewed postlicensure study,"Moline HL, Tannis A, Goldstein L, et al. Effectiveness and Impact of Maternal RSV Immunization and Nirsevimab on Medically Attended RSV in US Children. JAMA Pediatr. 2026;180(3):314-324. doi:10.1001/jamapediatrics.2025.5778.",https://jamanetwork.com/journals/jamapediatrics/fullarticle/2843213,"Observed hospitalization VE bins were 93.6% for <30 days, 80.7% for 30-59 days, 79.0% for 60-89 days, 56.4% for 90-129 days, and 78.9% for 130-210 days. The modeled curve smooths monotonically from the 30-59 day bin to day 210 instead of encoding the non-monotone 90-129 dip literally."
late_postdose_hospitalization_effectiveness,0.789 at 130-210 days,effectiveness,Late post-dose anchor used as the day-210 endpoint of the smoothed piecewise efficacy curve.,Peer-reviewed postlicensure study,"Moline HL, Tannis A, Goldstein L, et al. Effectiveness and Impact of Maternal RSV Immunization and Nirsevimab on Medically Attended RSV in US Children. JAMA Pediatr. 2026;180(3):314-324. doi:10.1001/jamapediatrics.2025.5778.",https://jamanetwork.com/journals/jamapediatrics/fullarticle/2843213,This estimate is hospitalization-specific. It is incorporated as the day-210 endpoint in the realistic-delivery efficacy curve.
