season,jurisdiction,total_burden,inside_burden,outside_burden,outside_fraction,age_group,age_group_label,metric_label
2024-2025,Alabama,833.0,766.0,67.0,0.08043217286914765,rsv_ped_0_4,Ages 0-4,"Pediatric RSV hospital admissions, ages 0-4"
2024-2025,Alaska,175.0,164.0,11.0,0.06285714285714286,rsv_ped_0_4,Ages 0-4,"Pediatric RSV hospital admissions, ages 0-4"
2024-2025,Arizona,1817.0,1769.0,48.0,0.026417171161254815,rsv_ped_0_4,Ages 0-4,"Pediatric RSV hospital admissions, ages 0-4"
2024-2025,Arkansas,352.0,304.0,48.0,0.13636363636363635,rsv_ped_0_4,Ages 0-4,"Pediatric RSV hospital admissions, ages 0-4"
2024-2025,California,4425.0,4195.0,230.0,0.0519774011299435,rsv_ped_0_4,Ages 0-4,"Pediatric RSV hospital admissions, ages 0-4"
2024-2025,Colorado,1890.0,1727.0,163.0,0.08624338624338625,rsv_ped_0_4,Ages 0-4,"Pediatric RSV hospital admissions, ages 0-4"
2024-2025,Connecticut,511.0,498.0,13.0,0.025440313111545987,rsv_ped_0_4,Ages 0-4,"Pediatric RSV hospital admissions, ages 0-4"
2024-2025,Delaware,523.0,505.0,18.0,0.03441682600382409,rsv_ped_0_4,Ages 0-4,"Pediatric RSV hospital admissions, ages 0-4"
2024-2025,District of Columbia,15.0,14.0,1.0,0.06666666666666667,rsv_ped_0_4,Ages 0-4,"Pediatric RSV hospital admissions, ages 0-4"
2024-2025,Florida,3489.0,3062.0,427.0,0.12238463743192891,rsv_ped_0_4,Ages 0-4,"Pediatric RSV hospital admissions, ages 0-4"
2024-2025,Georgia,2030.0,1949.0,81.0,0.039901477832512314,rsv_ped_0_4,Ages 0-4,"Pediatric RSV hospital admissions, ages 0-4"
2024-2025,Hawaii,269.0,240.0,29.0,0.10780669144981413,rsv_ped_0_4,Ages 0-4,"Pediatric RSV hospital admissions, ages 0-4"
2024-2025,Idaho,464.0,427.0,37.0,0.07974137931034483,rsv_ped_0_4,Ages 0-4,"Pediatric RSV hospital admissions, ages 0-4"
2024-2025,Illinois,2390.0,2301.0,89.0,0.037238493723849374,rsv_ped_0_4,Ages 0-4,"Pediatric RSV hospital admissions, ages 0-4"
2024-2025,Indiana,1361.0,1284.0,77.0,0.05657604702424688,rsv_ped_0_4,Ages 0-4,"Pediatric RSV hospital admissions, ages 0-4"
2024-2025,Iowa,689.0,641.0,48.0,0.06966618287373004,rsv_ped_0_4,Ages 0-4,"Pediatric RSV hospital admissions, ages 0-4"
2024-2025,Kansas,544.0,517.0,27.0,0.04963235294117647,rsv_ped_0_4,Ages 0-4,"Pediatric RSV hospital admissions, ages 0-4"
2024-2025,Kentucky,1005.0,918.0,87.0,0.08656716417910448,rsv_ped_0_4,Ages 0-4,"Pediatric RSV hospital admissions, ages 0-4"
2024-2025,Louisiana,1033.0,982.0,51.0,0.049370764762826716,rsv_ped_0_4,Ages 0-4,"Pediatric RSV hospital admissions, ages 0-4"
2024-2025,Maine,152.0,138.0,14.0,0.09210526315789473,rsv_ped_0_4,Ages 0-4,"Pediatric RSV hospital admissions, ages 0-4"
2024-2025,Maryland,739.0,717.0,22.0,0.029769959404600813,rsv_ped_0_4,Ages 0-4,"Pediatric RSV hospital admissions, ages 0-4"
2024-2025,Massachusetts,1515.0,1442.0,73.0,0.048184818481848184,rsv_ped_0_4,Ages 0-4,"Pediatric RSV hospital admissions, ages 0-4"
2024-2025,Michigan,2529.0,2393.0,136.0,0.053776196124950576,rsv_ped_0_4,Ages 0-4,"Pediatric RSV hospital admissions, ages 0-4"
2024-2025,Minnesota,1395.0,1303.0,92.0,0.06594982078853047,rsv_ped_0_4,Ages 0-4,"Pediatric RSV hospital admissions, ages 0-4"
2024-2025,Mississippi,547.0,518.0,29.0,0.05301645338208409,rsv_ped_0_4,Ages 0-4,"Pediatric RSV hospital admissions, ages 0-4"
2024-2025,Missouri,1165.0,1035.0,130.0,0.11158798283261803,rsv_ped_0_4,Ages 0-4,"Pediatric RSV hospital admissions, ages 0-4"
2024-2025,Montana,304.0,259.0,45.0,0.14802631578947367,rsv_ped_0_4,Ages 0-4,"Pediatric RSV hospital admissions, ages 0-4"
2024-2025,Nebraska,539.0,494.0,45.0,0.08348794063079777,rsv_ped_0_4,Ages 0-4,"Pediatric RSV hospital admissions, ages 0-4"
2024-2025,Nevada,643.0,615.0,28.0,0.04354587869362364,rsv_ped_0_4,Ages 0-4,"Pediatric RSV hospital admissions, ages 0-4"
2024-2025,New Hampshire,189.0,180.0,9.0,0.047619047619047616,rsv_ped_0_4,Ages 0-4,"Pediatric RSV hospital admissions, ages 0-4"
2024-2025,New Jersey,2086.0,2005.0,81.0,0.03883029721955897,rsv_ped_0_4,Ages 0-4,"Pediatric RSV hospital admissions, ages 0-4"
2024-2025,New Mexico,884.0,839.0,45.0,0.05090497737556561,rsv_ped_0_4,Ages 0-4,"Pediatric RSV hospital admissions, ages 0-4"
2024-2025,New York,4299.0,4105.0,194.0,0.04512677366829495,rsv_ped_0_4,Ages 0-4,"Pediatric RSV hospital admissions, ages 0-4"
2024-2025,North Carolina,1916.0,1809.0,107.0,0.055845511482254695,rsv_ped_0_4,Ages 0-4,"Pediatric RSV hospital admissions, ages 0-4"
2024-2025,North Dakota,248.0,214.0,34.0,0.13709677419354838,rsv_ped_0_4,Ages 0-4,"Pediatric RSV hospital admissions, ages 0-4"
2024-2025,Ohio,3272.0,3108.0,164.0,0.05012224938875306,rsv_ped_0_4,Ages 0-4,"Pediatric RSV hospital admissions, ages 0-4"
2024-2025,Oklahoma,720.0,698.0,22.0,0.030555555555555555,rsv_ped_0_4,Ages 0-4,"Pediatric RSV hospital admissions, ages 0-4"
2024-2025,Oregon,714.0,678.0,36.0,0.05042016806722689,rsv_ped_0_4,Ages 0-4,"Pediatric RSV hospital admissions, ages 0-4"
2024-2025,Pennsylvania,3665.0,3515.0,150.0,0.040927694406548434,rsv_ped_0_4,Ages 0-4,"Pediatric RSV hospital admissions, ages 0-4"
2024-2025,Rhode Island,306.0,301.0,5.0,0.016339869281045753,rsv_ped_0_4,Ages 0-4,"Pediatric RSV hospital admissions, ages 0-4"
2024-2025,South Carolina,877.0,826.0,51.0,0.05815279361459521,rsv_ped_0_4,Ages 0-4,"Pediatric RSV hospital admissions, ages 0-4"
2024-2025,South Dakota,261.0,215.0,46.0,0.17624521072796934,rsv_ped_0_4,Ages 0-4,"Pediatric RSV hospital admissions, ages 0-4"
2024-2025,Tennessee,1531.0,1456.0,75.0,0.04898758981058132,rsv_ped_0_4,Ages 0-4,"Pediatric RSV hospital admissions, ages 0-4"
2024-2025,Texas,7471.0,7190.0,281.0,0.0376121001204658,rsv_ped_0_4,Ages 0-4,"Pediatric RSV hospital admissions, ages 0-4"
2024-2025,Utah,1497.0,1406.0,91.0,0.06078824315297261,rsv_ped_0_4,Ages 0-4,"Pediatric RSV hospital admissions, ages 0-4"
2024-2025,Vermont,62.0,56.0,6.0,0.0967741935483871,rsv_ped_0_4,Ages 0-4,"Pediatric RSV hospital admissions, ages 0-4"
2024-2025,Virginia,764.0,729.0,35.0,0.04581151832460733,rsv_ped_0_4,Ages 0-4,"Pediatric RSV hospital admissions, ages 0-4"
2024-2025,Washington,494.0,464.0,30.0,0.06072874493927125,rsv_ped_0_4,Ages 0-4,"Pediatric RSV hospital admissions, ages 0-4"
2024-2025,West Virginia,655.0,570.0,85.0,0.1297709923664122,rsv_ped_0_4,Ages 0-4,"Pediatric RSV hospital admissions, ages 0-4"
2024-2025,Wisconsin,907.0,846.0,61.0,0.06725468577728776,rsv_ped_0_4,Ages 0-4,"Pediatric RSV hospital admissions, ages 0-4"
2024-2025,Wyoming,270.0,238.0,32.0,0.11851851851851852,rsv_ped_0_4,Ages 0-4,"Pediatric RSV hospital admissions, ages 0-4"
2025-2026,Alabama,696.0,620.0,76.0,0.10919540229885058,rsv_ped_0_4,Ages 0-4,"Pediatric RSV hospital admissions, ages 0-4"
2025-2026,Alaska,78.0,63.0,15.0,0.19230769230769232,rsv_ped_0_4,Ages 0-4,"Pediatric RSV hospital admissions, ages 0-4"
2025-2026,Arizona,652.0,561.0,91.0,0.13957055214723926,rsv_ped_0_4,Ages 0-4,"Pediatric RSV hospital admissions, ages 0-4"
2025-2026,Arkansas,600.0,556.0,44.0,0.07333333333333333,rsv_ped_0_4,Ages 0-4,"Pediatric RSV hospital admissions, ages 0-4"
2025-2026,California,2959.0,2633.0,326.0,0.11017235552551538,rsv_ped_0_4,Ages 0-4,"Pediatric RSV hospital admissions, ages 0-4"
2025-2026,Colorado,1439.0,1314.0,125.0,0.08686587908269632,rsv_ped_0_4,Ages 0-4,"Pediatric RSV hospital admissions, ages 0-4"
2025-2026,Connecticut,382.0,356.0,26.0,0.06806282722513089,rsv_ped_0_4,Ages 0-4,"Pediatric RSV hospital admissions, ages 0-4"
2025-2026,Delaware,385.0,381.0,4.0,0.01038961038961039,rsv_ped_0_4,Ages 0-4,"Pediatric RSV hospital admissions, ages 0-4"
2025-2026,District of Columbia,8.0,7.0,1.0,0.125,rsv_ped_0_4,Ages 0-4,"Pediatric RSV hospital admissions, ages 0-4"
2025-2026,Florida,3650.0,3001.0,649.0,0.1778082191780822,rsv_ped_0_4,Ages 0-4,"Pediatric RSV hospital admissions, ages 0-4"
2025-2026,Georgia,1844.0,1706.0,138.0,0.07483731019522777,rsv_ped_0_4,Ages 0-4,"Pediatric RSV hospital admissions, ages 0-4"
2025-2026,Hawaii,205.0,182.0,23.0,0.11219512195121951,rsv_ped_0_4,Ages 0-4,"Pediatric RSV hospital admissions, ages 0-4"
2025-2026,Idaho,255.0,237.0,18.0,0.07058823529411765,rsv_ped_0_4,Ages 0-4,"Pediatric RSV hospital admissions, ages 0-4"
2025-2026,Illinois,1480.0,1345.0,135.0,0.09121621621621621,rsv_ped_0_4,Ages 0-4,"Pediatric RSV hospital admissions, ages 0-4"
2025-2026,Indiana,927.0,837.0,90.0,0.0970873786407767,rsv_ped_0_4,Ages 0-4,"Pediatric RSV hospital admissions, ages 0-4"
2025-2026,Iowa,553.0,493.0,60.0,0.10849909584086799,rsv_ped_0_4,Ages 0-4,"Pediatric RSV hospital admissions, ages 0-4"
2025-2026,Kansas,403.0,364.0,39.0,0.0967741935483871,rsv_ped_0_4,Ages 0-4,"Pediatric RSV hospital admissions, ages 0-4"
2025-2026,Kentucky,476.0,431.0,45.0,0.09453781512605042,rsv_ped_0_4,Ages 0-4,"Pediatric RSV hospital admissions, ages 0-4"
2025-2026,Louisiana,1085.0,1036.0,49.0,0.04516129032258064,rsv_ped_0_4,Ages 0-4,"Pediatric RSV hospital admissions, ages 0-4"
2025-2026,Maine,55.0,47.0,8.0,0.14545454545454545,rsv_ped_0_4,Ages 0-4,"Pediatric RSV hospital admissions, ages 0-4"
2025-2026,Maryland,523.0,489.0,34.0,0.06500956022944551,rsv_ped_0_4,Ages 0-4,"Pediatric RSV hospital admissions, ages 0-4"
2025-2026,Massachusetts,1116.0,980.0,136.0,0.12186379928315412,rsv_ped_0_4,Ages 0-4,"Pediatric RSV hospital admissions, ages 0-4"
2025-2026,Michigan,1341.0,1170.0,171.0,0.12751677852348994,rsv_ped_0_4,Ages 0-4,"Pediatric RSV hospital admissions, ages 0-4"
2025-2026,Minnesota,1090.0,962.0,128.0,0.11743119266055047,rsv_ped_0_4,Ages 0-4,"Pediatric RSV hospital admissions, ages 0-4"
2025-2026,Mississippi,429.0,418.0,11.0,0.02564102564102564,rsv_ped_0_4,Ages 0-4,"Pediatric RSV hospital admissions, ages 0-4"
2025-2026,Missouri,650.0,588.0,62.0,0.09538461538461539,rsv_ped_0_4,Ages 0-4,"Pediatric RSV hospital admissions, ages 0-4"
2025-2026,Montana,162.0,123.0,39.0,0.24074074074074073,rsv_ped_0_4,Ages 0-4,"Pediatric RSV hospital admissions, ages 0-4"
2025-2026,Nebraska,310.0,266.0,44.0,0.14193548387096774,rsv_ped_0_4,Ages 0-4,"Pediatric RSV hospital admissions, ages 0-4"
2025-2026,Nevada,458.0,434.0,24.0,0.05240174672489083,rsv_ped_0_4,Ages 0-4,"Pediatric RSV hospital admissions, ages 0-4"
2025-2026,New Hampshire,103.0,100.0,3.0,0.02912621359223301,rsv_ped_0_4,Ages 0-4,"Pediatric RSV hospital admissions, ages 0-4"
2025-2026,New Jersey,1590.0,1498.0,92.0,0.05786163522012579,rsv_ped_0_4,Ages 0-4,"Pediatric RSV hospital admissions, ages 0-4"
2025-2026,New Mexico,618.0,558.0,60.0,0.0970873786407767,rsv_ped_0_4,Ages 0-4,"Pediatric RSV hospital admissions, ages 0-4"
2025-2026,New York,3530.0,3197.0,333.0,0.0943342776203966,rsv_ped_0_4,Ages 0-4,"Pediatric RSV hospital admissions, ages 0-4"
2025-2026,North Carolina,1365.0,1275.0,90.0,0.06593406593406594,rsv_ped_0_4,Ages 0-4,"Pediatric RSV hospital admissions, ages 0-4"
2025-2026,North Dakota,162.0,113.0,49.0,0.30246913580246915,rsv_ped_0_4,Ages 0-4,"Pediatric RSV hospital admissions, ages 0-4"
2025-2026,Ohio,2093.0,1958.0,135.0,0.06450071667462971,rsv_ped_0_4,Ages 0-4,"Pediatric RSV hospital admissions, ages 0-4"
2025-2026,Oklahoma,331.0,322.0,9.0,0.027190332326283987,rsv_ped_0_4,Ages 0-4,"Pediatric RSV hospital admissions, ages 0-4"
2025-2026,Oregon,268.0,256.0,12.0,0.04477611940298507,rsv_ped_0_4,Ages 0-4,"Pediatric RSV hospital admissions, ages 0-4"
2025-2026,Pennsylvania,2572.0,2396.0,176.0,0.06842923794712286,rsv_ped_0_4,Ages 0-4,"Pediatric RSV hospital admissions, ages 0-4"
2025-2026,Rhode Island,195.0,184.0,11.0,0.05641025641025641,rsv_ped_0_4,Ages 0-4,"Pediatric RSV hospital admissions, ages 0-4"
2025-2026,South Carolina,676.0,642.0,34.0,0.05029585798816568,rsv_ped_0_4,Ages 0-4,"Pediatric RSV hospital admissions, ages 0-4"
2025-2026,South Dakota,197.0,179.0,18.0,0.09137055837563451,rsv_ped_0_4,Ages 0-4,"Pediatric RSV hospital admissions, ages 0-4"
2025-2026,Tennessee,987.0,917.0,70.0,0.07092198581560284,rsv_ped_0_4,Ages 0-4,"Pediatric RSV hospital admissions, ages 0-4"
2025-2026,Texas,5981.0,5682.0,299.0,0.0499916401939475,rsv_ped_0_4,Ages 0-4,"Pediatric RSV hospital admissions, ages 0-4"
2025-2026,Utah,223.0,209.0,14.0,0.06278026905829596,rsv_ped_0_4,Ages 0-4,"Pediatric RSV hospital admissions, ages 0-4"
2025-2026,Vermont,40.0,30.0,10.0,0.25,rsv_ped_0_4,Ages 0-4,"Pediatric RSV hospital admissions, ages 0-4"
2025-2026,Virginia,596.0,554.0,42.0,0.07046979865771812,rsv_ped_0_4,Ages 0-4,"Pediatric RSV hospital admissions, ages 0-4"
2025-2026,Washington,290.0,261.0,29.0,0.1,rsv_ped_0_4,Ages 0-4,"Pediatric RSV hospital admissions, ages 0-4"
2025-2026,West Virginia,427.0,339.0,88.0,0.20608899297423888,rsv_ped_0_4,Ages 0-4,"Pediatric RSV hospital admissions, ages 0-4"
2025-2026,Wisconsin,613.0,547.0,66.0,0.10766721044045677,rsv_ped_0_4,Ages 0-4,"Pediatric RSV hospital admissions, ages 0-4"
2025-2026,Wyoming,174.0,141.0,33.0,0.1896551724137931,rsv_ped_0_4,Ages 0-4,"Pediatric RSV hospital admissions, ages 0-4"
2024-2025,Alabama,1017.0,905.0,112.0,0.11012782694198624,rsv_ped_total,All pediatric,"Pediatric RSV hospital admissions, all pediatric"
2024-2025,Alaska,191.0,178.0,13.0,0.06806282722513089,rsv_ped_total,All pediatric,"Pediatric RSV hospital admissions, all pediatric"
2024-2025,Arizona,2122.0,2062.0,60.0,0.02827521206409048,rsv_ped_total,All pediatric,"Pediatric RSV hospital admissions, all pediatric"
2024-2025,Arkansas,382.0,330.0,52.0,0.13612565445026178,rsv_ped_total,All pediatric,"Pediatric RSV hospital admissions, all pediatric"
2024-2025,California,5179.0,4910.0,269.0,0.05194052905966403,rsv_ped_total,All pediatric,"Pediatric RSV hospital admissions, all pediatric"
2024-2025,Colorado,2095.0,1918.0,177.0,0.08448687350835322,rsv_ped_total,All pediatric,"Pediatric RSV hospital admissions, all pediatric"
2024-2025,Connecticut,599.0,585.0,14.0,0.02337228714524207,rsv_ped_total,All pediatric,"Pediatric RSV hospital admissions, all pediatric"
2024-2025,Delaware,592.0,573.0,19.0,0.03209459459459459,rsv_ped_total,All pediatric,"Pediatric RSV hospital admissions, all pediatric"
2024-2025,District of Columbia,33.0,32.0,1.0,0.030303030303030304,rsv_ped_total,All pediatric,"Pediatric RSV hospital admissions, all pediatric"
2024-2025,Florida,3926.0,3454.0,472.0,0.12022414671421294,rsv_ped_total,All pediatric,"Pediatric RSV hospital admissions, all pediatric"
2024-2025,Georgia,2294.0,2209.0,85.0,0.037053182214472534,rsv_ped_total,All pediatric,"Pediatric RSV hospital admissions, all pediatric"
2024-2025,Hawaii,288.0,254.0,34.0,0.11805555555555555,rsv_ped_total,All pediatric,"Pediatric RSV hospital admissions, all pediatric"
2024-2025,Idaho,518.0,479.0,39.0,0.07528957528957529,rsv_ped_total,All pediatric,"Pediatric RSV hospital admissions, all pediatric"
2024-2025,Illinois,2751.0,2628.0,123.0,0.04471101417666303,rsv_ped_total,All pediatric,"Pediatric RSV hospital admissions, all pediatric"
2024-2025,Indiana,1478.0,1399.0,79.0,0.05345060893098782,rsv_ped_total,All pediatric,"Pediatric RSV hospital admissions, all pediatric"
2024-2025,Iowa,735.0,684.0,51.0,0.06938775510204082,rsv_ped_total,All pediatric,"Pediatric RSV hospital admissions, all pediatric"
2024-2025,Kansas,599.0,568.0,31.0,0.05175292153589316,rsv_ped_total,All pediatric,"Pediatric RSV hospital admissions, all pediatric"
2024-2025,Kentucky,1090.0,993.0,97.0,0.0889908256880734,rsv_ped_total,All pediatric,"Pediatric RSV hospital admissions, all pediatric"
2024-2025,Louisiana,1121.0,1064.0,57.0,0.05084745762711865,rsv_ped_total,All pediatric,"Pediatric RSV hospital admissions, all pediatric"
2024-2025,Maine,162.0,148.0,14.0,0.08641975308641975,rsv_ped_total,All pediatric,"Pediatric RSV hospital admissions, all pediatric"
2024-2025,Maryland,859.0,825.0,34.0,0.03958090803259604,rsv_ped_total,All pediatric,"Pediatric RSV hospital admissions, all pediatric"
2024-2025,Massachusetts,1746.0,1660.0,86.0,0.049255441008018326,rsv_ped_total,All pediatric,"Pediatric RSV hospital admissions, all pediatric"
2024-2025,Michigan,2872.0,2717.0,155.0,0.05396935933147632,rsv_ped_total,All pediatric,"Pediatric RSV hospital admissions, all pediatric"
2024-2025,Minnesota,1551.0,1449.0,102.0,0.06576402321083172,rsv_ped_total,All pediatric,"Pediatric RSV hospital admissions, all pediatric"
2024-2025,Mississippi,588.0,554.0,34.0,0.05782312925170068,rsv_ped_total,All pediatric,"Pediatric RSV hospital admissions, all pediatric"
2024-2025,Missouri,1286.0,1152.0,134.0,0.104199066874028,rsv_ped_total,All pediatric,"Pediatric RSV hospital admissions, all pediatric"
2024-2025,Montana,339.0,285.0,54.0,0.1592920353982301,rsv_ped_total,All pediatric,"Pediatric RSV hospital admissions, all pediatric"
2024-2025,Nebraska,622.0,575.0,47.0,0.07556270096463022,rsv_ped_total,All pediatric,"Pediatric RSV hospital admissions, all pediatric"
2024-2025,Nevada,718.0,685.0,33.0,0.04596100278551532,rsv_ped_total,All pediatric,"Pediatric RSV hospital admissions, all pediatric"
2024-2025,New Hampshire,223.0,214.0,9.0,0.04035874439461883,rsv_ped_total,All pediatric,"Pediatric RSV hospital admissions, all pediatric"
2024-2025,New Jersey,2355.0,2271.0,84.0,0.035668789808917196,rsv_ped_total,All pediatric,"Pediatric RSV hospital admissions, all pediatric"
2024-2025,New Mexico,1029.0,973.0,56.0,0.05442176870748299,rsv_ped_total,All pediatric,"Pediatric RSV hospital admissions, all pediatric"
2024-2025,New York,4911.0,4689.0,222.0,0.04520464263897373,rsv_ped_total,All pediatric,"Pediatric RSV hospital admissions, all pediatric"
2024-2025,North Carolina,2197.0,2077.0,120.0,0.05461993627674101,rsv_ped_total,All pediatric,"Pediatric RSV hospital admissions, all pediatric"
2024-2025,North Dakota,276.0,239.0,37.0,0.13405797101449277,rsv_ped_total,All pediatric,"Pediatric RSV hospital admissions, all pediatric"
2024-2025,Ohio,3669.0,3486.0,183.0,0.04987735077677841,rsv_ped_total,All pediatric,"Pediatric RSV hospital admissions, all pediatric"
2024-2025,Oklahoma,799.0,776.0,23.0,0.028785982478097622,rsv_ped_total,All pediatric,"Pediatric RSV hospital admissions, all pediatric"
2024-2025,Oregon,864.0,822.0,42.0,0.04861111111111111,rsv_ped_total,All pediatric,"Pediatric RSV hospital admissions, all pediatric"
2024-2025,Pennsylvania,4473.0,4216.0,257.0,0.05745584618824055,rsv_ped_total,All pediatric,"Pediatric RSV hospital admissions, all pediatric"
2024-2025,Rhode Island,337.0,329.0,8.0,0.02373887240356083,rsv_ped_total,All pediatric,"Pediatric RSV hospital admissions, all pediatric"
2024-2025,South Carolina,971.0,917.0,54.0,0.055612770339855816,rsv_ped_total,All pediatric,"Pediatric RSV hospital admissions, all pediatric"
2024-2025,South Dakota,293.0,243.0,50.0,0.17064846416382254,rsv_ped_total,All pediatric,"Pediatric RSV hospital admissions, all pediatric"
2024-2025,Tennessee,1753.0,1671.0,82.0,0.04677695379349686,rsv_ped_total,All pediatric,"Pediatric RSV hospital admissions, all pediatric"
2024-2025,Texas,8362.0,8044.0,318.0,0.03802917962209998,rsv_ped_total,All pediatric,"Pediatric RSV hospital admissions, all pediatric"
2024-2025,Utah,1693.0,1594.0,99.0,0.05847607796810396,rsv_ped_total,All pediatric,"Pediatric RSV hospital admissions, all pediatric"
2024-2025,Vermont,68.0,62.0,6.0,0.08823529411764706,rsv_ped_total,All pediatric,"Pediatric RSV hospital admissions, all pediatric"
2024-2025,Virginia,847.0,809.0,38.0,0.0448642266824085,rsv_ped_total,All pediatric,"Pediatric RSV hospital admissions, all pediatric"
2024-2025,Washington,652.0,609.0,43.0,0.06595092024539877,rsv_ped_total,All pediatric,"Pediatric RSV hospital admissions, all pediatric"
2024-2025,West Virginia,727.0,632.0,95.0,0.13067400275103164,rsv_ped_total,All pediatric,"Pediatric RSV hospital admissions, all pediatric"
2024-2025,Wisconsin,1052.0,985.0,67.0,0.06368821292775666,rsv_ped_total,All pediatric,"Pediatric RSV hospital admissions, all pediatric"
2024-2025,Wyoming,297.0,264.0,33.0,0.1111111111111111,rsv_ped_total,All pediatric,"Pediatric RSV hospital admissions, all pediatric"
2025-2026,Alabama,790.0,707.0,83.0,0.10506329113924051,rsv_ped_total,All pediatric,"Pediatric RSV hospital admissions, all pediatric"
2025-2026,Alaska,89.0,71.0,18.0,0.20224719101123595,rsv_ped_total,All pediatric,"Pediatric RSV hospital admissions, all pediatric"
2025-2026,Arizona,747.0,646.0,101.0,0.13520749665327977,rsv_ped_total,All pediatric,"Pediatric RSV hospital admissions, all pediatric"
2025-2026,Arkansas,657.0,611.0,46.0,0.0700152207001522,rsv_ped_total,All pediatric,"Pediatric RSV hospital admissions, all pediatric"
2025-2026,California,3386.0,3021.0,365.0,0.10779681039574719,rsv_ped_total,All pediatric,"Pediatric RSV hospital admissions, all pediatric"
2025-2026,Colorado,1575.0,1438.0,137.0,0.08698412698412698,rsv_ped_total,All pediatric,"Pediatric RSV hospital admissions, all pediatric"
2025-2026,Connecticut,434.0,405.0,29.0,0.06682027649769585,rsv_ped_total,All pediatric,"Pediatric RSV hospital admissions, all pediatric"
2025-2026,Delaware,431.0,426.0,5.0,0.01160092807424594,rsv_ped_total,All pediatric,"Pediatric RSV hospital admissions, all pediatric"
2025-2026,District of Columbia,10.0,9.0,1.0,0.1,rsv_ped_total,All pediatric,"Pediatric RSV hospital admissions, all pediatric"
2025-2026,Florida,4085.0,3388.0,697.0,0.17062423500611995,rsv_ped_total,All pediatric,"Pediatric RSV hospital admissions, all pediatric"
2025-2026,Georgia,2060.0,1907.0,153.0,0.07427184466019418,rsv_ped_total,All pediatric,"Pediatric RSV hospital admissions, all pediatric"
2025-2026,Hawaii,223.0,200.0,23.0,0.1031390134529148,rsv_ped_total,All pediatric,"Pediatric RSV hospital admissions, all pediatric"
2025-2026,Idaho,290.0,270.0,20.0,0.06896551724137931,rsv_ped_total,All pediatric,"Pediatric RSV hospital admissions, all pediatric"
2025-2026,Illinois,1653.0,1506.0,147.0,0.08892921960072596,rsv_ped_total,All pediatric,"Pediatric RSV hospital admissions, all pediatric"
2025-2026,Indiana,1022.0,922.0,100.0,0.09784735812133072,rsv_ped_total,All pediatric,"Pediatric RSV hospital admissions, all pediatric"
2025-2026,Iowa,580.0,519.0,61.0,0.10517241379310345,rsv_ped_total,All pediatric,"Pediatric RSV hospital admissions, all pediatric"
2025-2026,Kansas,434.0,394.0,40.0,0.09216589861751152,rsv_ped_total,All pediatric,"Pediatric RSV hospital admissions, all pediatric"
2025-2026,Kentucky,519.0,470.0,49.0,0.09441233140655106,rsv_ped_total,All pediatric,"Pediatric RSV hospital admissions, all pediatric"
2025-2026,Louisiana,1182.0,1128.0,54.0,0.04568527918781726,rsv_ped_total,All pediatric,"Pediatric RSV hospital admissions, all pediatric"
2025-2026,Maine,64.0,55.0,9.0,0.140625,rsv_ped_total,All pediatric,"Pediatric RSV hospital admissions, all pediatric"
2025-2026,Maryland,603.0,565.0,38.0,0.06301824212271974,rsv_ped_total,All pediatric,"Pediatric RSV hospital admissions, all pediatric"
2025-2026,Massachusetts,1319.0,1160.0,159.0,0.12054586808188021,rsv_ped_total,All pediatric,"Pediatric RSV hospital admissions, all pediatric"
2025-2026,Michigan,1471.0,1286.0,185.0,0.1257647858599592,rsv_ped_total,All pediatric,"Pediatric RSV hospital admissions, all pediatric"
2025-2026,Minnesota,1182.0,1045.0,137.0,0.11590524534686972,rsv_ped_total,All pediatric,"Pediatric RSV hospital admissions, all pediatric"
2025-2026,Mississippi,452.0,441.0,11.0,0.024336283185840708,rsv_ped_total,All pediatric,"Pediatric RSV hospital admissions, all pediatric"
2025-2026,Missouri,727.0,658.0,69.0,0.09491059147180192,rsv_ped_total,All pediatric,"Pediatric RSV hospital admissions, all pediatric"
2025-2026,Montana,177.0,136.0,41.0,0.23163841807909605,rsv_ped_total,All pediatric,"Pediatric RSV hospital admissions, all pediatric"
2025-2026,Nebraska,349.0,305.0,44.0,0.12607449856733524,rsv_ped_total,All pediatric,"Pediatric RSV hospital admissions, all pediatric"
2025-2026,Nevada,519.0,495.0,24.0,0.046242774566473986,rsv_ped_total,All pediatric,"Pediatric RSV hospital admissions, all pediatric"
2025-2026,New Hampshire,115.0,109.0,6.0,0.05217391304347826,rsv_ped_total,All pediatric,"Pediatric RSV hospital admissions, all pediatric"
2025-2026,New Jersey,1746.0,1648.0,98.0,0.056128293241695305,rsv_ped_total,All pediatric,"Pediatric RSV hospital admissions, all pediatric"
2025-2026,New Mexico,681.0,613.0,68.0,0.09985315712187959,rsv_ped_total,All pediatric,"Pediatric RSV hospital admissions, all pediatric"
2025-2026,New York,4004.0,3646.0,358.0,0.08941058941058941,rsv_ped_total,All pediatric,"Pediatric RSV hospital admissions, all pediatric"
2025-2026,North Carolina,1557.0,1453.0,104.0,0.06679511881824021,rsv_ped_total,All pediatric,"Pediatric RSV hospital admissions, all pediatric"
2025-2026,North Dakota,177.0,124.0,53.0,0.2994350282485876,rsv_ped_total,All pediatric,"Pediatric RSV hospital admissions, all pediatric"
2025-2026,Ohio,2343.0,2188.0,155.0,0.06615450277422108,rsv_ped_total,All pediatric,"Pediatric RSV hospital admissions, all pediatric"
2025-2026,Oklahoma,369.0,359.0,10.0,0.02710027100271003,rsv_ped_total,All pediatric,"Pediatric RSV hospital admissions, all pediatric"
2025-2026,Oregon,299.0,286.0,13.0,0.043478260869565216,rsv_ped_total,All pediatric,"Pediatric RSV hospital admissions, all pediatric"
2025-2026,Pennsylvania,3018.0,2805.0,213.0,0.0705765407554672,rsv_ped_total,All pediatric,"Pediatric RSV hospital admissions, all pediatric"
2025-2026,Rhode Island,219.0,206.0,13.0,0.0593607305936073,rsv_ped_total,All pediatric,"Pediatric RSV hospital admissions, all pediatric"
2025-2026,South Carolina,766.0,728.0,38.0,0.04960835509138381,rsv_ped_total,All pediatric,"Pediatric RSV hospital admissions, all pediatric"
2025-2026,South Dakota,214.0,194.0,20.0,0.09345794392523364,rsv_ped_total,All pediatric,"Pediatric RSV hospital admissions, all pediatric"
2025-2026,Tennessee,1120.0,1040.0,80.0,0.07142857142857142,rsv_ped_total,All pediatric,"Pediatric RSV hospital admissions, all pediatric"
2025-2026,Texas,6635.0,6297.0,338.0,0.05094197437829691,rsv_ped_total,All pediatric,"Pediatric RSV hospital admissions, all pediatric"
2025-2026,Utah,240.0,226.0,14.0,0.058333333333333334,rsv_ped_total,All pediatric,"Pediatric RSV hospital admissions, all pediatric"
2025-2026,Vermont,49.0,38.0,11.0,0.22448979591836735,rsv_ped_total,All pediatric,"Pediatric RSV hospital admissions, all pediatric"
2025-2026,Virginia,671.0,620.0,51.0,0.07600596125186289,rsv_ped_total,All pediatric,"Pediatric RSV hospital admissions, all pediatric"
2025-2026,Washington,345.0,312.0,33.0,0.09565217391304348,rsv_ped_total,All pediatric,"Pediatric RSV hospital admissions, all pediatric"
2025-2026,West Virginia,487.0,393.0,94.0,0.19301848049281314,rsv_ped_total,All pediatric,"Pediatric RSV hospital admissions, all pediatric"
2025-2026,Wisconsin,664.0,593.0,71.0,0.10692771084337349,rsv_ped_total,All pediatric,"Pediatric RSV hospital admissions, all pediatric"
2025-2026,Wyoming,182.0,148.0,34.0,0.18681318681318682,rsv_ped_total,All pediatric,"Pediatric RSV hospital admissions, all pediatric"
2024-2025,Alabama,2247.0,2056.0,191.0,0.08500222518914108,rsv_total,All ages,"RSV hospital admissions, all ages"
2024-2025,Alaska,418.0,371.0,47.0,0.11244019138755981,rsv_total,All ages,"RSV hospital admissions, all ages"
2024-2025,Arizona,4753.0,4475.0,278.0,0.0584893751314959,rsv_total,All ages,"RSV hospital admissions, all ages"
2024-2025,Arkansas,1311.0,1171.0,140.0,0.10678871090770405,rsv_total,All ages,"RSV hospital admissions, all ages"
2024-2025,California,12047.0,11222.0,825.0,0.06848177969618992,rsv_total,All ages,"RSV hospital admissions, all ages"
2024-2025,Colorado,3428.0,3056.0,372.0,0.10851808634772463,rsv_total,All ages,"RSV hospital admissions, all ages"
2024-2025,Connecticut,1849.0,1744.0,105.0,0.05678745267712277,rsv_total,All ages,"RSV hospital admissions, all ages"
2024-2025,Delaware,1039.0,999.0,40.0,0.03849855630413859,rsv_total,All ages,"RSV hospital admissions, all ages"
2024-2025,District of Columbia,134.0,131.0,3.0,0.022388059701492536,rsv_total,All ages,"RSV hospital admissions, all ages"
2024-2025,Florida,11200.0,10001.0,1199.0,0.10705357142857143,rsv_total,All ages,"RSV hospital admissions, all ages"
2024-2025,Georgia,5273.0,5055.0,218.0,0.041342689171249766,rsv_total,All ages,"RSV hospital admissions, all ages"
2024-2025,Hawaii,510.0,445.0,65.0,0.12745098039215685,rsv_total,All ages,"RSV hospital admissions, all ages"
2024-2025,Idaho,989.0,871.0,118.0,0.11931243680485339,rsv_total,All ages,"RSV hospital admissions, all ages"
2024-2025,Illinois,7647.0,7095.0,552.0,0.07218517065515889,rsv_total,All ages,"RSV hospital admissions, all ages"
2024-2025,Indiana,3470.0,3223.0,247.0,0.07118155619596542,rsv_total,All ages,"RSV hospital admissions, all ages"
2024-2025,Iowa,1577.0,1334.0,243.0,0.15409004438807863,rsv_total,All ages,"RSV hospital admissions, all ages"
2024-2025,Kansas,1417.0,1283.0,134.0,0.09456598447424136,rsv_total,All ages,"RSV hospital admissions, all ages"
2024-2025,Kentucky,2751.0,2429.0,322.0,0.11704834605597965,rsv_total,All ages,"RSV hospital admissions, all ages"
2024-2025,Louisiana,2626.0,2500.0,126.0,0.04798172124904798,rsv_total,All ages,"RSV hospital admissions, all ages"
2024-2025,Maine,371.0,322.0,49.0,0.1320754716981132,rsv_total,All ages,"RSV hospital admissions, all ages"
2024-2025,Maryland,2265.0,2127.0,138.0,0.060927152317880796,rsv_total,All ages,"RSV hospital admissions, all ages"
2024-2025,Massachusetts,4559.0,4180.0,379.0,0.08313226584777364,rsv_total,All ages,"RSV hospital admissions, all ages"
2024-2025,Michigan,8120.0,7229.0,891.0,0.10972906403940887,rsv_total,All ages,"RSV hospital admissions, all ages"
2024-2025,Minnesota,3282.0,2933.0,349.0,0.10633759902498477,rsv_total,All ages,"RSV hospital admissions, all ages"
2024-2025,Mississippi,1214.0,1145.0,69.0,0.05683690280065898,rsv_total,All ages,"RSV hospital admissions, all ages"
2024-2025,Missouri,3289.0,2865.0,424.0,0.12891456369717239,rsv_total,All ages,"RSV hospital admissions, all ages"
2024-2025,Montana,714.0,556.0,158.0,0.22128851540616246,rsv_total,All ages,"RSV hospital admissions, all ages"
2024-2025,Nebraska,1161.0,1007.0,154.0,0.1326442721791559,rsv_total,All ages,"RSV hospital admissions, all ages"
2024-2025,Nevada,1271.0,1190.0,81.0,0.06372934697088907,rsv_total,All ages,"RSV hospital admissions, all ages"
2024-2025,New Hampshire,642.0,591.0,51.0,0.0794392523364486,rsv_total,All ages,"RSV hospital admissions, all ages"
2024-2025,New Jersey,6204.0,5848.0,356.0,0.05738233397807866,rsv_total,All ages,"RSV hospital admissions, all ages"
2024-2025,New Mexico,1454.0,1345.0,109.0,0.0749656121045392,rsv_total,All ages,"RSV hospital admissions, all ages"
2024-2025,New York,12616.0,11828.0,788.0,0.06246036778693722,rsv_total,All ages,"RSV hospital admissions, all ages"
2024-2025,North Carolina,6450.0,6032.0,418.0,0.06480620155038759,rsv_total,All ages,"RSV hospital admissions, all ages"
2024-2025,North Dakota,474.0,383.0,91.0,0.19198312236286919,rsv_total,All ages,"RSV hospital admissions, all ages"
2024-2025,Ohio,7169.0,6671.0,498.0,0.06946575533547217,rsv_total,All ages,"RSV hospital admissions, all ages"
2024-2025,Oklahoma,1975.0,1857.0,118.0,0.05974683544303797,rsv_total,All ages,"RSV hospital admissions, all ages"
2024-2025,Oregon,2109.0,1922.0,187.0,0.08866761498340446,rsv_total,All ages,"RSV hospital admissions, all ages"
2024-2025,Pennsylvania,15090.0,13668.0,1422.0,0.09423459244532803,rsv_total,All ages,"RSV hospital admissions, all ages"
2024-2025,Rhode Island,774.0,731.0,43.0,0.05555555555555555,rsv_total,All ages,"RSV hospital admissions, all ages"
2024-2025,South Carolina,2846.0,2662.0,184.0,0.0646521433591005,rsv_total,All ages,"RSV hospital admissions, all ages"
2024-2025,South Dakota,489.0,383.0,106.0,0.2167689161554192,rsv_total,All ages,"RSV hospital admissions, all ages"
2024-2025,Tennessee,3415.0,3201.0,214.0,0.06266471449487555,rsv_total,All ages,"RSV hospital admissions, all ages"
2024-2025,Texas,13730.0,13003.0,727.0,0.052949745083758194,rsv_total,All ages,"RSV hospital admissions, all ages"
2024-2025,Utah,2293.0,2123.0,170.0,0.07413868294810293,rsv_total,All ages,"RSV hospital admissions, all ages"
2024-2025,Vermont,213.0,183.0,30.0,0.14084507042253522,rsv_total,All ages,"RSV hospital admissions, all ages"
2024-2025,Virginia,2456.0,2307.0,149.0,0.06066775244299674,rsv_total,All ages,"RSV hospital admissions, all ages"
2024-2025,Washington,2253.0,2085.0,168.0,0.07456724367509987,rsv_total,All ages,"RSV hospital admissions, all ages"
2024-2025,West Virginia,1653.0,1373.0,280.0,0.1693889897156685,rsv_total,All ages,"RSV hospital admissions, all ages"
2024-2025,Wisconsin,3047.0,2669.0,378.0,0.12405644896619626,rsv_total,All ages,"RSV hospital admissions, all ages"
2024-2025,Wyoming,600.0,535.0,65.0,0.10833333333333334,rsv_total,All ages,"RSV hospital admissions, all ages"
2025-2026,Alabama,1723.0,1564.0,159.0,0.0922809053975624,rsv_total,All ages,"RSV hospital admissions, all ages"
2025-2026,Alaska,195.0,164.0,31.0,0.15897435897435896,rsv_total,All ages,"RSV hospital admissions, all ages"
2025-2026,Arizona,1387.0,1167.0,220.0,0.15861571737563085,rsv_total,All ages,"RSV hospital admissions, all ages"
2025-2026,Arkansas,1167.0,1069.0,98.0,0.08397600685518423,rsv_total,All ages,"RSV hospital admissions, all ages"
2025-2026,California,8464.0,7465.0,999.0,0.11802930056710775,rsv_total,All ages,"RSV hospital admissions, all ages"
2025-2026,Colorado,2453.0,2227.0,226.0,0.0921320831634733,rsv_total,All ages,"RSV hospital admissions, all ages"
2025-2026,Connecticut,1509.0,1333.0,176.0,0.1166335321404904,rsv_total,All ages,"RSV hospital admissions, all ages"
2025-2026,Delaware,827.0,794.0,33.0,0.03990326481257558,rsv_total,All ages,"RSV hospital admissions, all ages"
2025-2026,District of Columbia,135.0,132.0,3.0,0.022222222222222223,rsv_total,All ages,"RSV hospital admissions, all ages"
2025-2026,Florida,10747.0,9083.0,1664.0,0.15483390713687542,rsv_total,All ages,"RSV hospital admissions, all ages"
2025-2026,Georgia,4098.0,3743.0,355.0,0.08662762323084432,rsv_total,All ages,"RSV hospital admissions, all ages"
2025-2026,Hawaii,414.0,357.0,57.0,0.13768115942028986,rsv_total,All ages,"RSV hospital admissions, all ages"
2025-2026,Idaho,563.0,478.0,85.0,0.15097690941385436,rsv_total,All ages,"RSV hospital admissions, all ages"
2025-2026,Illinois,4842.0,4251.0,591.0,0.12205700123915737,rsv_total,All ages,"RSV hospital admissions, all ages"
2025-2026,Indiana,2677.0,2372.0,305.0,0.11393350765782592,rsv_total,All ages,"RSV hospital admissions, all ages"
2025-2026,Iowa,1190.0,1011.0,179.0,0.15042016806722688,rsv_total,All ages,"RSV hospital admissions, all ages"
2025-2026,Kansas,966.0,858.0,108.0,0.11180124223602485,rsv_total,All ages,"RSV hospital admissions, all ages"
2025-2026,Kentucky,1664.0,1451.0,213.0,0.12800480769230768,rsv_total,All ages,"RSV hospital admissions, all ages"
2025-2026,Louisiana,2153.0,2023.0,130.0,0.06038086391082211,rsv_total,All ages,"RSV hospital admissions, all ages"
2025-2026,Maine,199.0,147.0,52.0,0.2613065326633166,rsv_total,All ages,"RSV hospital admissions, all ages"
2025-2026,Maryland,2016.0,1922.0,94.0,0.04662698412698413,rsv_total,All ages,"RSV hospital admissions, all ages"
2025-2026,Massachusetts,2963.0,2480.0,483.0,0.16301046236922037,rsv_total,All ages,"RSV hospital admissions, all ages"
2025-2026,Michigan,3446.0,2886.0,560.0,0.1625072547881602,rsv_total,All ages,"RSV hospital admissions, all ages"
2025-2026,Minnesota,2149.0,1880.0,269.0,0.12517449976733364,rsv_total,All ages,"RSV hospital admissions, all ages"
2025-2026,Mississippi,866.0,806.0,60.0,0.06928406466512702,rsv_total,All ages,"RSV hospital admissions, all ages"
2025-2026,Missouri,2033.0,1828.0,205.0,0.10083620265617314,rsv_total,All ages,"RSV hospital admissions, all ages"
2025-2026,Montana,362.0,236.0,126.0,0.34806629834254144,rsv_total,All ages,"RSV hospital admissions, all ages"
2025-2026,Nebraska,681.0,558.0,123.0,0.18061674008810572,rsv_total,All ages,"RSV hospital admissions, all ages"
2025-2026,Nevada,899.0,852.0,47.0,0.05228031145717464,rsv_total,All ages,"RSV hospital admissions, all ages"
2025-2026,New Hampshire,542.0,452.0,90.0,0.16605166051660517,rsv_total,All ages,"RSV hospital admissions, all ages"
2025-2026,New Jersey,5101.0,4764.0,337.0,0.0660654773573809,rsv_total,All ages,"RSV hospital admissions, all ages"
2025-2026,New Mexico,925.0,823.0,102.0,0.11027027027027027,rsv_total,All ages,"RSV hospital admissions, all ages"
2025-2026,New York,11909.0,10607.0,1302.0,0.10932907884793014,rsv_total,All ages,"RSV hospital admissions, all ages"
2025-2026,North Carolina,4289.0,3976.0,313.0,0.07297738400559571,rsv_total,All ages,"RSV hospital admissions, all ages"
2025-2026,North Dakota,296.0,202.0,94.0,0.31756756756756754,rsv_total,All ages,"RSV hospital admissions, all ages"
2025-2026,Ohio,5411.0,5006.0,405.0,0.07484753280354833,rsv_total,All ages,"RSV hospital admissions, all ages"
2025-2026,Oklahoma,964.0,888.0,76.0,0.07883817427385892,rsv_total,All ages,"RSV hospital admissions, all ages"
2025-2026,Oregon,969.0,869.0,100.0,0.10319917440660474,rsv_total,All ages,"RSV hospital admissions, all ages"
2025-2026,Pennsylvania,9742.0,8345.0,1397.0,0.14339971258468487,rsv_total,All ages,"RSV hospital admissions, all ages"
2025-2026,Rhode Island,658.0,574.0,84.0,0.1276595744680851,rsv_total,All ages,"RSV hospital admissions, all ages"
2025-2026,South Carolina,1957.0,1865.0,92.0,0.04701073071027082,rsv_total,All ages,"RSV hospital admissions, all ages"
2025-2026,South Dakota,354.0,294.0,60.0,0.1694915254237288,rsv_total,All ages,"RSV hospital admissions, all ages"
2025-2026,Tennessee,2270.0,2080.0,190.0,0.08370044052863436,rsv_total,All ages,"RSV hospital admissions, all ages"
2025-2026,Texas,10525.0,9839.0,686.0,0.06517814726840855,rsv_total,All ages,"RSV hospital admissions, all ages"
2025-2026,Utah,503.0,472.0,31.0,0.061630218687872766,rsv_total,All ages,"RSV hospital admissions, all ages"
2025-2026,Vermont,197.0,147.0,50.0,0.25380710659898476,rsv_total,All ages,"RSV hospital admissions, all ages"
2025-2026,Virginia,2272.0,2119.0,153.0,0.06734154929577464,rsv_total,All ages,"RSV hospital admissions, all ages"
2025-2026,Washington,1314.0,1143.0,171.0,0.13013698630136986,rsv_total,All ages,"RSV hospital admissions, all ages"
2025-2026,West Virginia,1170.0,921.0,249.0,0.2128205128205128,rsv_total,All ages,"RSV hospital admissions, all ages"
2025-2026,Wisconsin,2214.0,1787.0,427.0,0.1928635953026197,rsv_total,All ages,"RSV hospital admissions, all ages"
2025-2026,Wyoming,285.0,210.0,75.0,0.2631578947368421,rsv_total,All ages,"RSV hospital admissions, all ages"
