window_name,season,jurisdiction,total_burden,inside_burden,coverage,missed_fraction,metric_label
baseline_oct_mar,2024-2025,Alabama,2247.0,2056.0,0.914997774810859,0.08500222518914102,"RSV hospital admissions, all ages"
early_sep_mar,2024-2025,Alabama,2247.0,2056.0,0.914997774810859,0.08500222518914102,"RSV hospital admissions, all ages"
late_oct_apr,2024-2025,Alabama,2247.0,2163.0,0.9626168224299065,0.03738317757009346,"RSV hospital admissions, all ages"
extended_sep_apr,2024-2025,Alabama,2247.0,2163.0,0.9626168224299065,0.03738317757009346,"RSV hospital admissions, all ages"
baseline_oct_mar,2024-2025,Alaska,418.0,371.0,0.8875598086124402,0.11244019138755978,"RSV hospital admissions, all ages"
early_sep_mar,2024-2025,Alaska,418.0,371.0,0.8875598086124402,0.11244019138755978,"RSV hospital admissions, all ages"
late_oct_apr,2024-2025,Alaska,418.0,399.0,0.9545454545454546,0.045454545454545414,"RSV hospital admissions, all ages"
extended_sep_apr,2024-2025,Alaska,418.0,399.0,0.9545454545454546,0.045454545454545414,"RSV hospital admissions, all ages"
baseline_oct_mar,2024-2025,Arizona,4753.0,4475.0,0.9415106248685041,0.05848937513149588,"RSV hospital admissions, all ages"
early_sep_mar,2024-2025,Arizona,4753.0,4478.0,0.9421418051756785,0.05785819482432153,"RSV hospital admissions, all ages"
late_oct_apr,2024-2025,Arizona,4753.0,4652.0,0.9787502629917947,0.021249737008205316,"RSV hospital admissions, all ages"
extended_sep_apr,2024-2025,Arizona,4753.0,4655.0,0.979381443298969,0.020618556701030966,"RSV hospital admissions, all ages"
baseline_oct_mar,2024-2025,Arkansas,1311.0,1171.0,0.893211289092296,0.10678871090770403,"RSV hospital admissions, all ages"
early_sep_mar,2024-2025,Arkansas,1311.0,1171.0,0.893211289092296,0.10678871090770403,"RSV hospital admissions, all ages"
late_oct_apr,2024-2025,Arkansas,1311.0,1250.0,0.9534706331045004,0.04652936689549958,"RSV hospital admissions, all ages"
extended_sep_apr,2024-2025,Arkansas,1311.0,1250.0,0.9534706331045004,0.04652936689549958,"RSV hospital admissions, all ages"
baseline_oct_mar,2024-2025,California,12047.0,11222.0,0.93151822030381,0.06848177969618996,"RSV hospital admissions, all ages"
early_sep_mar,2024-2025,California,12047.0,11222.0,0.93151822030381,0.06848177969618996,"RSV hospital admissions, all ages"
late_oct_apr,2024-2025,California,12047.0,11786.0,0.9783348551506599,0.021665144849340123,"RSV hospital admissions, all ages"
extended_sep_apr,2024-2025,California,12047.0,11786.0,0.9783348551506599,0.021665144849340123,"RSV hospital admissions, all ages"
baseline_oct_mar,2024-2025,Colorado,3428.0,3056.0,0.8914819136522754,0.10851808634772464,"RSV hospital admissions, all ages"
early_sep_mar,2024-2025,Colorado,3428.0,3056.0,0.8914819136522754,0.10851808634772464,"RSV hospital admissions, all ages"
late_oct_apr,2024-2025,Colorado,3428.0,3328.0,0.970828471411902,0.029171528588098017,"RSV hospital admissions, all ages"
extended_sep_apr,2024-2025,Colorado,3428.0,3328.0,0.970828471411902,0.029171528588098017,"RSV hospital admissions, all ages"
baseline_oct_mar,2024-2025,Connecticut,1849.0,1744.0,0.9432125473228772,0.05678745267712282,"RSV hospital admissions, all ages"
early_sep_mar,2024-2025,Connecticut,1849.0,1744.0,0.9432125473228772,0.05678745267712282,"RSV hospital admissions, all ages"
late_oct_apr,2024-2025,Connecticut,1849.0,1810.0,0.9789075175770687,0.02109248242293127,"RSV hospital admissions, all ages"
extended_sep_apr,2024-2025,Connecticut,1849.0,1810.0,0.9789075175770687,0.02109248242293127,"RSV hospital admissions, all ages"
baseline_oct_mar,2024-2025,Delaware,1039.0,999.0,0.9615014436958614,0.038498556304138565,"RSV hospital admissions, all ages"
early_sep_mar,2024-2025,Delaware,1039.0,999.0,0.9615014436958614,0.038498556304138565,"RSV hospital admissions, all ages"
late_oct_apr,2024-2025,Delaware,1039.0,1022.0,0.983638113570741,0.016361886429258954,"RSV hospital admissions, all ages"
extended_sep_apr,2024-2025,Delaware,1039.0,1022.0,0.983638113570741,0.016361886429258954,"RSV hospital admissions, all ages"
baseline_oct_mar,2024-2025,District of Columbia,134.0,131.0,0.9776119402985075,0.02238805970149249,"RSV hospital admissions, all ages"
early_sep_mar,2024-2025,District of Columbia,134.0,131.0,0.9776119402985075,0.02238805970149249,"RSV hospital admissions, all ages"
late_oct_apr,2024-2025,District of Columbia,134.0,134.0,1.0,0.0,"RSV hospital admissions, all ages"
extended_sep_apr,2024-2025,District of Columbia,134.0,134.0,1.0,0.0,"RSV hospital admissions, all ages"
baseline_oct_mar,2024-2025,Florida,11200.0,10001.0,0.8929464285714286,0.10705357142857141,"RSV hospital admissions, all ages"
early_sep_mar,2024-2025,Florida,11200.0,10002.0,0.8930357142857143,0.10696428571428573,"RSV hospital admissions, all ages"
late_oct_apr,2024-2025,Florida,11200.0,10514.0,0.93875,0.06125000000000003,"RSV hospital admissions, all ages"
extended_sep_apr,2024-2025,Florida,11200.0,10515.0,0.9388392857142858,0.061160714285714235,"RSV hospital admissions, all ages"
baseline_oct_mar,2024-2025,Georgia,5273.0,5055.0,0.9586573108287503,0.041342689171249725,"RSV hospital admissions, all ages"
early_sep_mar,2024-2025,Georgia,5273.0,5055.0,0.9586573108287503,0.041342689171249725,"RSV hospital admissions, all ages"
late_oct_apr,2024-2025,Georgia,5273.0,5163.0,0.9791390100512043,0.020860989948795705,"RSV hospital admissions, all ages"
extended_sep_apr,2024-2025,Georgia,5273.0,5163.0,0.9791390100512043,0.020860989948795705,"RSV hospital admissions, all ages"
baseline_oct_mar,2024-2025,Hawaii,510.0,445.0,0.8725490196078431,0.12745098039215685,"RSV hospital admissions, all ages"
early_sep_mar,2024-2025,Hawaii,510.0,446.0,0.8745098039215686,0.12549019607843137,"RSV hospital admissions, all ages"
late_oct_apr,2024-2025,Hawaii,510.0,468.0,0.9176470588235294,0.08235294117647063,"RSV hospital admissions, all ages"
extended_sep_apr,2024-2025,Hawaii,510.0,469.0,0.9196078431372549,0.08039215686274515,"RSV hospital admissions, all ages"
baseline_oct_mar,2024-2025,Idaho,989.0,871.0,0.8806875631951466,0.11931243680485337,"RSV hospital admissions, all ages"
early_sep_mar,2024-2025,Idaho,989.0,871.0,0.8806875631951466,0.11931243680485337,"RSV hospital admissions, all ages"
late_oct_apr,2024-2025,Idaho,989.0,958.0,0.9686552072800809,0.03134479271991908,"RSV hospital admissions, all ages"
extended_sep_apr,2024-2025,Idaho,989.0,958.0,0.9686552072800809,0.03134479271991908,"RSV hospital admissions, all ages"
baseline_oct_mar,2024-2025,Illinois,7647.0,7095.0,0.9278148293448412,0.07218517065515884,"RSV hospital admissions, all ages"
early_sep_mar,2024-2025,Illinois,7647.0,7096.0,0.9279455995815352,0.07205440041846478,"RSV hospital admissions, all ages"
late_oct_apr,2024-2025,Illinois,7647.0,7516.0,0.9828690989930692,0.01713090100693082,"RSV hospital admissions, all ages"
extended_sep_apr,2024-2025,Illinois,7647.0,7517.0,0.9829998692297633,0.017000130770236654,"RSV hospital admissions, all ages"
baseline_oct_mar,2024-2025,Indiana,3470.0,3223.0,0.9288184438040346,0.07118155619596545,"RSV hospital admissions, all ages"
early_sep_mar,2024-2025,Indiana,3470.0,3223.0,0.9288184438040346,0.07118155619596545,"RSV hospital admissions, all ages"
late_oct_apr,2024-2025,Indiana,3470.0,3386.0,0.975792507204611,0.02420749279538903,"RSV hospital admissions, all ages"
extended_sep_apr,2024-2025,Indiana,3470.0,3386.0,0.975792507204611,0.02420749279538903,"RSV hospital admissions, all ages"
baseline_oct_mar,2024-2025,Iowa,1577.0,1334.0,0.8459099556119214,0.1540900443880786,"RSV hospital admissions, all ages"
early_sep_mar,2024-2025,Iowa,1577.0,1334.0,0.8459099556119214,0.1540900443880786,"RSV hospital admissions, all ages"
late_oct_apr,2024-2025,Iowa,1577.0,1440.0,0.9131261889663919,0.08687381103360814,"RSV hospital admissions, all ages"
extended_sep_apr,2024-2025,Iowa,1577.0,1440.0,0.9131261889663919,0.08687381103360814,"RSV hospital admissions, all ages"
baseline_oct_mar,2024-2025,Kansas,1417.0,1283.0,0.9054340155257586,0.09456598447424136,"RSV hospital admissions, all ages"
early_sep_mar,2024-2025,Kansas,1417.0,1283.0,0.9054340155257586,0.09456598447424136,"RSV hospital admissions, all ages"
late_oct_apr,2024-2025,Kansas,1417.0,1372.0,0.9682427664079041,0.031757233592095924,"RSV hospital admissions, all ages"
extended_sep_apr,2024-2025,Kansas,1417.0,1372.0,0.9682427664079041,0.031757233592095924,"RSV hospital admissions, all ages"
baseline_oct_mar,2024-2025,Kentucky,2751.0,2429.0,0.8829516539440203,0.11704834605597969,"RSV hospital admissions, all ages"
early_sep_mar,2024-2025,Kentucky,2751.0,2429.0,0.8829516539440203,0.11704834605597969,"RSV hospital admissions, all ages"
late_oct_apr,2024-2025,Kentucky,2751.0,2617.0,0.9512904398400581,0.04870956015994188,"RSV hospital admissions, all ages"
extended_sep_apr,2024-2025,Kentucky,2751.0,2617.0,0.9512904398400581,0.04870956015994188,"RSV hospital admissions, all ages"
baseline_oct_mar,2024-2025,Louisiana,2626.0,2500.0,0.952018278750952,0.04798172124904798,"RSV hospital admissions, all ages"
early_sep_mar,2024-2025,Louisiana,2626.0,2500.0,0.952018278750952,0.04798172124904798,"RSV hospital admissions, all ages"
late_oct_apr,2024-2025,Louisiana,2626.0,2569.0,0.9782939832444782,0.02170601675552175,"RSV hospital admissions, all ages"
extended_sep_apr,2024-2025,Louisiana,2626.0,2569.0,0.9782939832444782,0.02170601675552175,"RSV hospital admissions, all ages"
baseline_oct_mar,2024-2025,Maine,371.0,322.0,0.8679245283018868,0.13207547169811318,"RSV hospital admissions, all ages"
early_sep_mar,2024-2025,Maine,371.0,322.0,0.8679245283018868,0.13207547169811318,"RSV hospital admissions, all ages"
late_oct_apr,2024-2025,Maine,371.0,356.0,0.9595687331536388,0.040431266846361225,"RSV hospital admissions, all ages"
extended_sep_apr,2024-2025,Maine,371.0,356.0,0.9595687331536388,0.040431266846361225,"RSV hospital admissions, all ages"
baseline_oct_mar,2024-2025,Maryland,2265.0,2127.0,0.9390728476821192,0.06092715231788082,"RSV hospital admissions, all ages"
early_sep_mar,2024-2025,Maryland,2265.0,2127.0,0.9390728476821192,0.06092715231788082,"RSV hospital admissions, all ages"
late_oct_apr,2024-2025,Maryland,2265.0,2171.0,0.9584988962472406,0.041501103752759394,"RSV hospital admissions, all ages"
extended_sep_apr,2024-2025,Maryland,2265.0,2171.0,0.9584988962472406,0.041501103752759394,"RSV hospital admissions, all ages"
baseline_oct_mar,2024-2025,Massachusetts,4559.0,4180.0,0.9168677341522263,0.08313226584777367,"RSV hospital admissions, all ages"
early_sep_mar,2024-2025,Massachusetts,4559.0,4180.0,0.9168677341522263,0.08313226584777367,"RSV hospital admissions, all ages"
late_oct_apr,2024-2025,Massachusetts,4559.0,4399.0,0.9649045843386708,0.03509541566132923,"RSV hospital admissions, all ages"
extended_sep_apr,2024-2025,Massachusetts,4559.0,4399.0,0.9649045843386708,0.03509541566132923,"RSV hospital admissions, all ages"
baseline_oct_mar,2024-2025,Michigan,8120.0,7229.0,0.8902709359605911,0.10972906403940885,"RSV hospital admissions, all ages"
early_sep_mar,2024-2025,Michigan,8120.0,7229.0,0.8902709359605911,0.10972906403940885,"RSV hospital admissions, all ages"
late_oct_apr,2024-2025,Michigan,8120.0,7919.0,0.9752463054187193,0.02475369458128074,"RSV hospital admissions, all ages"
extended_sep_apr,2024-2025,Michigan,8120.0,7919.0,0.9752463054187193,0.02475369458128074,"RSV hospital admissions, all ages"
baseline_oct_mar,2024-2025,Minnesota,3282.0,2933.0,0.8936624009750153,0.10633759902498474,"RSV hospital admissions, all ages"
early_sep_mar,2024-2025,Minnesota,3282.0,2933.0,0.8936624009750153,0.10633759902498474,"RSV hospital admissions, all ages"
late_oct_apr,2024-2025,Minnesota,3282.0,3194.0,0.9731870810481413,0.026812918951858666,"RSV hospital admissions, all ages"
extended_sep_apr,2024-2025,Minnesota,3282.0,3194.0,0.9731870810481413,0.026812918951858666,"RSV hospital admissions, all ages"
baseline_oct_mar,2024-2025,Mississippi,1214.0,1145.0,0.943163097199341,0.056836902800659006,"RSV hospital admissions, all ages"
early_sep_mar,2024-2025,Mississippi,1214.0,1146.0,0.943986820428336,0.05601317957166396,"RSV hospital admissions, all ages"
late_oct_apr,2024-2025,Mississippi,1214.0,1178.0,0.9703459637561779,0.029654036243822124,"RSV hospital admissions, all ages"
extended_sep_apr,2024-2025,Mississippi,1214.0,1179.0,0.971169686985173,0.02883031301482697,"RSV hospital admissions, all ages"
baseline_oct_mar,2024-2025,Missouri,3289.0,2865.0,0.8710854363028276,0.12891456369717236,"RSV hospital admissions, all ages"
early_sep_mar,2024-2025,Missouri,3289.0,2865.0,0.8710854363028276,0.12891456369717236,"RSV hospital admissions, all ages"
late_oct_apr,2024-2025,Missouri,3289.0,3091.0,0.939799331103679,0.06020066889632103,"RSV hospital admissions, all ages"
extended_sep_apr,2024-2025,Missouri,3289.0,3091.0,0.939799331103679,0.06020066889632103,"RSV hospital admissions, all ages"
baseline_oct_mar,2024-2025,Montana,714.0,556.0,0.7787114845938375,0.22128851540616246,"RSV hospital admissions, all ages"
early_sep_mar,2024-2025,Montana,714.0,556.0,0.7787114845938375,0.22128851540616246,"RSV hospital admissions, all ages"
late_oct_apr,2024-2025,Montana,714.0,666.0,0.9327731092436975,0.0672268907563025,"RSV hospital admissions, all ages"
extended_sep_apr,2024-2025,Montana,714.0,666.0,0.9327731092436975,0.0672268907563025,"RSV hospital admissions, all ages"
baseline_oct_mar,2024-2025,Nebraska,1161.0,1007.0,0.8673557278208441,0.13264427217915586,"RSV hospital admissions, all ages"
early_sep_mar,2024-2025,Nebraska,1161.0,1007.0,0.8673557278208441,0.13264427217915586,"RSV hospital admissions, all ages"
late_oct_apr,2024-2025,Nebraska,1161.0,1112.0,0.9577950043066322,0.042204995693367775,"RSV hospital admissions, all ages"
extended_sep_apr,2024-2025,Nebraska,1161.0,1112.0,0.9577950043066322,0.042204995693367775,"RSV hospital admissions, all ages"
baseline_oct_mar,2024-2025,Nevada,1271.0,1190.0,0.9362706530291109,0.06372934697088906,"RSV hospital admissions, all ages"
early_sep_mar,2024-2025,Nevada,1271.0,1190.0,0.9362706530291109,0.06372934697088906,"RSV hospital admissions, all ages"
late_oct_apr,2024-2025,Nevada,1271.0,1250.0,0.983477576711251,0.016522423288748977,"RSV hospital admissions, all ages"
extended_sep_apr,2024-2025,Nevada,1271.0,1250.0,0.983477576711251,0.016522423288748977,"RSV hospital admissions, all ages"
baseline_oct_mar,2024-2025,New Hampshire,642.0,591.0,0.9205607476635514,0.07943925233644855,"RSV hospital admissions, all ages"
early_sep_mar,2024-2025,New Hampshire,642.0,591.0,0.9205607476635514,0.07943925233644855,"RSV hospital admissions, all ages"
late_oct_apr,2024-2025,New Hampshire,642.0,625.0,0.9735202492211839,0.026479750778816147,"RSV hospital admissions, all ages"
extended_sep_apr,2024-2025,New Hampshire,642.0,625.0,0.9735202492211839,0.026479750778816147,"RSV hospital admissions, all ages"
baseline_oct_mar,2024-2025,New Jersey,6204.0,5848.0,0.9426176660219213,0.05738233397807868,"RSV hospital admissions, all ages"
early_sep_mar,2024-2025,New Jersey,6204.0,5848.0,0.9426176660219213,0.05738233397807868,"RSV hospital admissions, all ages"
late_oct_apr,2024-2025,New Jersey,6204.0,6064.0,0.9774339136041263,0.022566086395873652,"RSV hospital admissions, all ages"
extended_sep_apr,2024-2025,New Jersey,6204.0,6064.0,0.9774339136041263,0.022566086395873652,"RSV hospital admissions, all ages"
baseline_oct_mar,2024-2025,New Mexico,1454.0,1345.0,0.9250343878954608,0.07496561210453923,"RSV hospital admissions, all ages"
early_sep_mar,2024-2025,New Mexico,1454.0,1345.0,0.9250343878954608,0.07496561210453923,"RSV hospital admissions, all ages"
late_oct_apr,2024-2025,New Mexico,1454.0,1429.0,0.982806052269601,0.01719394773039895,"RSV hospital admissions, all ages"
extended_sep_apr,2024-2025,New Mexico,1454.0,1429.0,0.982806052269601,0.01719394773039895,"RSV hospital admissions, all ages"
baseline_oct_mar,2024-2025,New York,12616.0,11828.0,0.9375396322130628,0.0624603677869372,"RSV hospital admissions, all ages"
early_sep_mar,2024-2025,New York,12616.0,11828.0,0.9375396322130628,0.0624603677869372,"RSV hospital admissions, all ages"
late_oct_apr,2024-2025,New York,12616.0,12323.0,0.9767755231452124,0.023224476854787568,"RSV hospital admissions, all ages"
extended_sep_apr,2024-2025,New York,12616.0,12323.0,0.9767755231452124,0.023224476854787568,"RSV hospital admissions, all ages"
baseline_oct_mar,2024-2025,North Carolina,6450.0,6032.0,0.9351937984496124,0.06480620155038763,"RSV hospital admissions, all ages"
early_sep_mar,2024-2025,North Carolina,6450.0,6032.0,0.9351937984496124,0.06480620155038763,"RSV hospital admissions, all ages"
late_oct_apr,2024-2025,North Carolina,6450.0,6294.0,0.9758139534883721,0.024186046511627923,"RSV hospital admissions, all ages"
extended_sep_apr,2024-2025,North Carolina,6450.0,6294.0,0.9758139534883721,0.024186046511627923,"RSV hospital admissions, all ages"
baseline_oct_mar,2024-2025,North Dakota,474.0,383.0,0.8080168776371308,0.19198312236286919,"RSV hospital admissions, all ages"
early_sep_mar,2024-2025,North Dakota,474.0,383.0,0.8080168776371308,0.19198312236286919,"RSV hospital admissions, all ages"
late_oct_apr,2024-2025,North Dakota,474.0,454.0,0.9578059071729957,0.04219409282700426,"RSV hospital admissions, all ages"
extended_sep_apr,2024-2025,North Dakota,474.0,454.0,0.9578059071729957,0.04219409282700426,"RSV hospital admissions, all ages"
baseline_oct_mar,2024-2025,Ohio,7169.0,6671.0,0.9305342446645278,0.06946575533547217,"RSV hospital admissions, all ages"
early_sep_mar,2024-2025,Ohio,7169.0,6671.0,0.9305342446645278,0.06946575533547217,"RSV hospital admissions, all ages"
late_oct_apr,2024-2025,Ohio,7169.0,7025.0,0.979913516529502,0.020086483470498018,"RSV hospital admissions, all ages"
extended_sep_apr,2024-2025,Ohio,7169.0,7025.0,0.979913516529502,0.020086483470498018,"RSV hospital admissions, all ages"
baseline_oct_mar,2024-2025,Oklahoma,1975.0,1857.0,0.9402531645569621,0.05974683544303794,"RSV hospital admissions, all ages"
early_sep_mar,2024-2025,Oklahoma,1975.0,1857.0,0.9402531645569621,0.05974683544303794,"RSV hospital admissions, all ages"
late_oct_apr,2024-2025,Oklahoma,1975.0,1929.0,0.9767088607594937,0.023291139240506298,"RSV hospital admissions, all ages"
extended_sep_apr,2024-2025,Oklahoma,1975.0,1929.0,0.9767088607594937,0.023291139240506298,"RSV hospital admissions, all ages"
baseline_oct_mar,2024-2025,Oregon,2109.0,1922.0,0.9113323850165955,0.08866761498340447,"RSV hospital admissions, all ages"
early_sep_mar,2024-2025,Oregon,2109.0,1922.0,0.9113323850165955,0.08866761498340447,"RSV hospital admissions, all ages"
late_oct_apr,2024-2025,Oregon,2109.0,2058.0,0.9758179231863442,0.024182076813655806,"RSV hospital admissions, all ages"
extended_sep_apr,2024-2025,Oregon,2109.0,2058.0,0.9758179231863442,0.024182076813655806,"RSV hospital admissions, all ages"
baseline_oct_mar,2024-2025,Pennsylvania,15090.0,13668.0,0.9057654075546719,0.09423459244532806,"RSV hospital admissions, all ages"
early_sep_mar,2024-2025,Pennsylvania,15090.0,13672.0,0.9060304837640821,0.09396951623591787,"RSV hospital admissions, all ages"
late_oct_apr,2024-2025,Pennsylvania,15090.0,14423.0,0.9557985420808482,0.044201457919151754,"RSV hospital admissions, all ages"
extended_sep_apr,2024-2025,Pennsylvania,15090.0,14427.0,0.9560636182902584,0.04393638170974157,"RSV hospital admissions, all ages"
baseline_oct_mar,2024-2025,Rhode Island,774.0,731.0,0.9444444444444444,0.05555555555555558,"RSV hospital admissions, all ages"
early_sep_mar,2024-2025,Rhode Island,774.0,731.0,0.9444444444444444,0.05555555555555558,"RSV hospital admissions, all ages"
late_oct_apr,2024-2025,Rhode Island,774.0,756.0,0.9767441860465116,0.023255813953488413,"RSV hospital admissions, all ages"
extended_sep_apr,2024-2025,Rhode Island,774.0,756.0,0.9767441860465116,0.023255813953488413,"RSV hospital admissions, all ages"
baseline_oct_mar,2024-2025,South Carolina,2846.0,2662.0,0.9353478566408995,0.06465214335910052,"RSV hospital admissions, all ages"
early_sep_mar,2024-2025,South Carolina,2846.0,2662.0,0.9353478566408995,0.06465214335910052,"RSV hospital admissions, all ages"
late_oct_apr,2024-2025,South Carolina,2846.0,2760.0,0.9697821503865074,0.03021784961349261,"RSV hospital admissions, all ages"
extended_sep_apr,2024-2025,South Carolina,2846.0,2760.0,0.9697821503865074,0.03021784961349261,"RSV hospital admissions, all ages"
baseline_oct_mar,2024-2025,South Dakota,489.0,383.0,0.7832310838445807,0.21676891615541927,"RSV hospital admissions, all ages"
early_sep_mar,2024-2025,South Dakota,489.0,383.0,0.7832310838445807,0.21676891615541927,"RSV hospital admissions, all ages"
late_oct_apr,2024-2025,South Dakota,489.0,469.0,0.9591002044989775,0.04089979550102252,"RSV hospital admissions, all ages"
extended_sep_apr,2024-2025,South Dakota,489.0,469.0,0.9591002044989775,0.04089979550102252,"RSV hospital admissions, all ages"
baseline_oct_mar,2024-2025,Tennessee,3415.0,3201.0,0.9373352855051245,0.06266471449487554,"RSV hospital admissions, all ages"
early_sep_mar,2024-2025,Tennessee,3415.0,3201.0,0.9373352855051245,0.06266471449487554,"RSV hospital admissions, all ages"
late_oct_apr,2024-2025,Tennessee,3415.0,3320.0,0.972181551976574,0.027818448023426035,"RSV hospital admissions, all ages"
extended_sep_apr,2024-2025,Tennessee,3415.0,3320.0,0.972181551976574,0.027818448023426035,"RSV hospital admissions, all ages"
baseline_oct_mar,2024-2025,Texas,13730.0,13003.0,0.9470502549162418,0.05294974508375816,"RSV hospital admissions, all ages"
early_sep_mar,2024-2025,Texas,13730.0,13003.0,0.9470502549162418,0.05294974508375816,"RSV hospital admissions, all ages"
late_oct_apr,2024-2025,Texas,13730.0,13425.0,0.9777858703568827,0.02221412964311731,"RSV hospital admissions, all ages"
extended_sep_apr,2024-2025,Texas,13730.0,13425.0,0.9777858703568827,0.02221412964311731,"RSV hospital admissions, all ages"
baseline_oct_mar,2024-2025,Utah,2293.0,2123.0,0.9258613170518971,0.07413868294810289,"RSV hospital admissions, all ages"
early_sep_mar,2024-2025,Utah,2293.0,2123.0,0.9258613170518971,0.07413868294810289,"RSV hospital admissions, all ages"
late_oct_apr,2024-2025,Utah,2293.0,2249.0,0.9808111644134322,0.01918883558656781,"RSV hospital admissions, all ages"
extended_sep_apr,2024-2025,Utah,2293.0,2249.0,0.9808111644134322,0.01918883558656781,"RSV hospital admissions, all ages"
baseline_oct_mar,2024-2025,Vermont,213.0,183.0,0.8591549295774648,0.14084507042253525,"RSV hospital admissions, all ages"
early_sep_mar,2024-2025,Vermont,213.0,183.0,0.8591549295774648,0.14084507042253525,"RSV hospital admissions, all ages"
late_oct_apr,2024-2025,Vermont,213.0,206.0,0.9671361502347418,0.032863849765258246,"RSV hospital admissions, all ages"
extended_sep_apr,2024-2025,Vermont,213.0,206.0,0.9671361502347418,0.032863849765258246,"RSV hospital admissions, all ages"
baseline_oct_mar,2024-2025,Virginia,2456.0,2307.0,0.9393322475570033,0.060667752442996714,"RSV hospital admissions, all ages"
early_sep_mar,2024-2025,Virginia,2456.0,2307.0,0.9393322475570033,0.060667752442996714,"RSV hospital admissions, all ages"
late_oct_apr,2024-2025,Virginia,2456.0,2399.0,0.9767915309446255,0.023208469055374548,"RSV hospital admissions, all ages"
extended_sep_apr,2024-2025,Virginia,2456.0,2399.0,0.9767915309446255,0.023208469055374548,"RSV hospital admissions, all ages"
baseline_oct_mar,2024-2025,Washington,2253.0,2085.0,0.9254327563249002,0.07456724367509981,"RSV hospital admissions, all ages"
early_sep_mar,2024-2025,Washington,2253.0,2092.0,0.9285397248113626,0.0714602751886374,"RSV hospital admissions, all ages"
late_oct_apr,2024-2025,Washington,2253.0,2203.0,0.9778073679538394,0.02219263204616062,"RSV hospital admissions, all ages"
extended_sep_apr,2024-2025,Washington,2253.0,2210.0,0.9809143364403018,0.019085663559698207,"RSV hospital admissions, all ages"
baseline_oct_mar,2024-2025,West Virginia,1653.0,1373.0,0.8306110102843315,0.16938898971566851,"RSV hospital admissions, all ages"
early_sep_mar,2024-2025,West Virginia,1653.0,1373.0,0.8306110102843315,0.16938898971566851,"RSV hospital admissions, all ages"
late_oct_apr,2024-2025,West Virginia,1653.0,1553.0,0.9395039322444041,0.060496067755595906,"RSV hospital admissions, all ages"
extended_sep_apr,2024-2025,West Virginia,1653.0,1553.0,0.9395039322444041,0.060496067755595906,"RSV hospital admissions, all ages"
baseline_oct_mar,2024-2025,Wisconsin,3047.0,2669.0,0.8759435510338037,0.12405644896619628,"RSV hospital admissions, all ages"
early_sep_mar,2024-2025,Wisconsin,3047.0,2669.0,0.8759435510338037,0.12405644896619628,"RSV hospital admissions, all ages"
late_oct_apr,2024-2025,Wisconsin,3047.0,2937.0,0.9638989169675091,0.03610108303249093,"RSV hospital admissions, all ages"
extended_sep_apr,2024-2025,Wisconsin,3047.0,2937.0,0.9638989169675091,0.03610108303249093,"RSV hospital admissions, all ages"
baseline_oct_mar,2024-2025,Wyoming,600.0,535.0,0.8916666666666667,0.10833333333333328,"RSV hospital admissions, all ages"
early_sep_mar,2024-2025,Wyoming,600.0,535.0,0.8916666666666667,0.10833333333333328,"RSV hospital admissions, all ages"
late_oct_apr,2024-2025,Wyoming,600.0,585.0,0.975,0.025000000000000022,"RSV hospital admissions, all ages"
extended_sep_apr,2024-2025,Wyoming,600.0,585.0,0.975,0.025000000000000022,"RSV hospital admissions, all ages"
baseline_oct_mar,2025-2026,Alabama,1723.0,1564.0,0.9077190946024376,0.0922809053975624,"RSV hospital admissions, all ages"
early_sep_mar,2025-2026,Alabama,1723.0,1601.0,0.9291932675565874,0.07080673244341262,"RSV hospital admissions, all ages"
late_oct_apr,2025-2026,Alabama,1723.0,1651.0,0.9582124201973302,0.04178757980266978,"RSV hospital admissions, all ages"
extended_sep_apr,2025-2026,Alabama,1723.0,1688.0,0.97968659315148,0.02031340684852001,"RSV hospital admissions, all ages"
baseline_oct_mar,2025-2026,Alaska,195.0,164.0,0.841025641025641,0.15897435897435896,"RSV hospital admissions, all ages"
early_sep_mar,2025-2026,Alaska,195.0,166.0,0.8512820512820513,0.14871794871794874,"RSV hospital admissions, all ages"
late_oct_apr,2025-2026,Alaska,195.0,191.0,0.9794871794871794,0.02051282051282055,"RSV hospital admissions, all ages"
extended_sep_apr,2025-2026,Alaska,195.0,193.0,0.9897435897435898,0.01025641025641022,"RSV hospital admissions, all ages"
baseline_oct_mar,2025-2026,Arizona,1387.0,1167.0,0.8413842826243692,0.15861571737563085,"RSV hospital admissions, all ages"
early_sep_mar,2025-2026,Arizona,1387.0,1171.0,0.8442682047584715,0.15573179524152847,"RSV hospital admissions, all ages"
late_oct_apr,2025-2026,Arizona,1387.0,1357.0,0.9783705839942322,0.021629416005767843,"RSV hospital admissions, all ages"
extended_sep_apr,2025-2026,Arizona,1387.0,1361.0,0.9812545061283345,0.018745493871665464,"RSV hospital admissions, all ages"
baseline_oct_mar,2025-2026,Arkansas,1167.0,1069.0,0.9160239931448158,0.08397600685518425,"RSV hospital admissions, all ages"
early_sep_mar,2025-2026,Arkansas,1167.0,1081.0,0.9263067694944301,0.07369323050556986,"RSV hospital admissions, all ages"
late_oct_apr,2025-2026,Arkansas,1167.0,1143.0,0.9794344473007712,0.020565552699228773,"RSV hospital admissions, all ages"
extended_sep_apr,2025-2026,Arkansas,1167.0,1155.0,0.9897172236503856,0.010282776349614386,"RSV hospital admissions, all ages"
baseline_oct_mar,2025-2026,California,8464.0,7465.0,0.8819706994328923,0.1180293005671077,"RSV hospital admissions, all ages"
early_sep_mar,2025-2026,California,8464.0,7525.0,0.8890595463137996,0.11094045368620042,"RSV hospital admissions, all ages"
late_oct_apr,2025-2026,California,8464.0,8304.0,0.9810964083175804,0.018903591682419618,"RSV hospital admissions, all ages"
extended_sep_apr,2025-2026,California,8464.0,8364.0,0.9881852551984878,0.011814744801512234,"RSV hospital admissions, all ages"
baseline_oct_mar,2025-2026,Colorado,2453.0,2227.0,0.9078679168365267,0.09213208316347332,"RSV hospital admissions, all ages"
early_sep_mar,2025-2026,Colorado,2453.0,2228.0,0.9082755809213209,0.09172441907867912,"RSV hospital admissions, all ages"
late_oct_apr,2025-2026,Colorado,2453.0,2440.0,0.9947003668976763,0.005299633102323731,"RSV hospital admissions, all ages"
extended_sep_apr,2025-2026,Colorado,2453.0,2441.0,0.9951080309824705,0.004891969017529529,"RSV hospital admissions, all ages"
baseline_oct_mar,2025-2026,Connecticut,1509.0,1333.0,0.8833664678595096,0.11663353214049044,"RSV hospital admissions, all ages"
early_sep_mar,2025-2026,Connecticut,1509.0,1338.0,0.8866799204771372,0.11332007952286283,"RSV hospital admissions, all ages"
late_oct_apr,2025-2026,Connecticut,1509.0,1493.0,0.9893969516235918,0.010603048376408242,"RSV hospital admissions, all ages"
extended_sep_apr,2025-2026,Connecticut,1509.0,1498.0,0.9927104042412194,0.0072895957587806315,"RSV hospital admissions, all ages"
baseline_oct_mar,2025-2026,Delaware,827.0,794.0,0.9600967351874244,0.039903264812575556,"RSV hospital admissions, all ages"
early_sep_mar,2025-2026,Delaware,827.0,798.0,0.9649334945586457,0.035066505441354257,"RSV hospital admissions, all ages"
late_oct_apr,2025-2026,Delaware,827.0,822.0,0.9939540507859734,0.006045949214026569,"RSV hospital admissions, all ages"
extended_sep_apr,2025-2026,Delaware,827.0,826.0,0.9987908101571947,0.0012091898428052694,"RSV hospital admissions, all ages"
baseline_oct_mar,2025-2026,District of Columbia,135.0,132.0,0.9777777777777777,0.022222222222222254,"RSV hospital admissions, all ages"
early_sep_mar,2025-2026,District of Columbia,135.0,134.0,0.9925925925925926,0.007407407407407418,"RSV hospital admissions, all ages"
late_oct_apr,2025-2026,District of Columbia,135.0,133.0,0.9851851851851852,0.014814814814814836,"RSV hospital admissions, all ages"
extended_sep_apr,2025-2026,District of Columbia,135.0,135.0,1.0,0.0,"RSV hospital admissions, all ages"
baseline_oct_mar,2025-2026,Florida,10747.0,9083.0,0.8451660928631246,0.1548339071368754,"RSV hospital admissions, all ages"
early_sep_mar,2025-2026,Florida,10747.0,9542.0,0.8878756862380199,0.11212431376198007,"RSV hospital admissions, all ages"
late_oct_apr,2025-2026,Florida,10747.0,9661.0,0.8989485437796595,0.10105145622034051,"RSV hospital admissions, all ages"
extended_sep_apr,2025-2026,Florida,10747.0,10120.0,0.9416581371545547,0.05834186284544529,"RSV hospital admissions, all ages"
baseline_oct_mar,2025-2026,Georgia,4098.0,3743.0,0.9133723767691557,0.08662762323084428,"RSV hospital admissions, all ages"
early_sep_mar,2025-2026,Georgia,4098.0,3818.0,0.9316739873108834,0.06832601268911664,"RSV hospital admissions, all ages"
late_oct_apr,2025-2026,Georgia,4098.0,3928.0,0.9585163494387506,0.04148365056124936,"RSV hospital admissions, all ages"
extended_sep_apr,2025-2026,Georgia,4098.0,4003.0,0.9768179599804783,0.023182040019521732,"RSV hospital admissions, all ages"
baseline_oct_mar,2025-2026,Hawaii,414.0,357.0,0.8623188405797102,0.1376811594202898,"RSV hospital admissions, all ages"
early_sep_mar,2025-2026,Hawaii,414.0,373.0,0.9009661835748792,0.09903381642512077,"RSV hospital admissions, all ages"
late_oct_apr,2025-2026,Hawaii,414.0,375.0,0.9057971014492754,0.09420289855072461,"RSV hospital admissions, all ages"
extended_sep_apr,2025-2026,Hawaii,414.0,391.0,0.9444444444444444,0.05555555555555558,"RSV hospital admissions, all ages"
baseline_oct_mar,2025-2026,Idaho,563.0,478.0,0.8490230905861457,0.15097690941385433,"RSV hospital admissions, all ages"
early_sep_mar,2025-2026,Idaho,563.0,479.0,0.8507992895204263,0.14920071047957373,"RSV hospital admissions, all ages"
late_oct_apr,2025-2026,Idaho,563.0,562.0,0.9982238010657194,0.001776198934280604,"RSV hospital admissions, all ages"
extended_sep_apr,2025-2026,Idaho,563.0,563.0,1.0,0.0,"RSV hospital admissions, all ages"
baseline_oct_mar,2025-2026,Illinois,4842.0,4251.0,0.8779429987608426,0.12205700123915741,"RSV hospital admissions, all ages"
early_sep_mar,2025-2026,Illinois,4842.0,4270.0,0.8818669971086328,0.11813300289136719,"RSV hospital admissions, all ages"
late_oct_apr,2025-2026,Illinois,4842.0,4779.0,0.9869888475836431,0.013011152416356864,"RSV hospital admissions, all ages"
extended_sep_apr,2025-2026,Illinois,4842.0,4798.0,0.9909128459314333,0.00908715406856675,"RSV hospital admissions, all ages"
baseline_oct_mar,2025-2026,Indiana,2677.0,2372.0,0.886066492342174,0.11393350765782595,"RSV hospital admissions, all ages"
early_sep_mar,2025-2026,Indiana,2677.0,2388.0,0.8920433320881583,0.10795666791184166,"RSV hospital admissions, all ages"
late_oct_apr,2025-2026,Indiana,2677.0,2647.0,0.9887934254762795,0.011206574523720536,"RSV hospital admissions, all ages"
extended_sep_apr,2025-2026,Indiana,2677.0,2663.0,0.9947702652222637,0.00522973477773625,"RSV hospital admissions, all ages"
baseline_oct_mar,2025-2026,Iowa,1190.0,1011.0,0.8495798319327731,0.1504201680672269,"RSV hospital admissions, all ages"
early_sep_mar,2025-2026,Iowa,1190.0,1016.0,0.853781512605042,0.14621848739495802,"RSV hospital admissions, all ages"
late_oct_apr,2025-2026,Iowa,1190.0,1177.0,0.9890756302521009,0.01092436974789912,"RSV hospital admissions, all ages"
extended_sep_apr,2025-2026,Iowa,1190.0,1182.0,0.9932773109243698,0.006722689075630228,"RSV hospital admissions, all ages"
baseline_oct_mar,2025-2026,Kansas,966.0,858.0,0.8881987577639752,0.11180124223602483,"RSV hospital admissions, all ages"
early_sep_mar,2025-2026,Kansas,966.0,863.0,0.8933747412008282,0.10662525879917184,"RSV hospital admissions, all ages"
late_oct_apr,2025-2026,Kansas,966.0,958.0,0.9917184265010351,0.008281573498964856,"RSV hospital admissions, all ages"
extended_sep_apr,2025-2026,Kansas,966.0,963.0,0.9968944099378882,0.0031055900621117516,"RSV hospital admissions, all ages"
baseline_oct_mar,2025-2026,Kentucky,1664.0,1451.0,0.8719951923076923,0.1280048076923077,"RSV hospital admissions, all ages"
early_sep_mar,2025-2026,Kentucky,1664.0,1463.0,0.8792067307692307,0.12079326923076927,"RSV hospital admissions, all ages"
late_oct_apr,2025-2026,Kentucky,1664.0,1631.0,0.9801682692307693,0.019831730769230727,"RSV hospital admissions, all ages"
extended_sep_apr,2025-2026,Kentucky,1664.0,1643.0,0.9873798076923077,0.01262019230769229,"RSV hospital admissions, all ages"
baseline_oct_mar,2025-2026,Louisiana,2153.0,2023.0,0.9396191360891779,0.06038086391082209,"RSV hospital admissions, all ages"
early_sep_mar,2025-2026,Louisiana,2153.0,2036.0,0.9456572224802601,0.05434277751973993,"RSV hospital admissions, all ages"
late_oct_apr,2025-2026,Louisiana,2153.0,2099.0,0.9749187180678124,0.025081281932187616,"RSV hospital admissions, all ages"
extended_sep_apr,2025-2026,Louisiana,2153.0,2112.0,0.9809568044588945,0.01904319554110545,"RSV hospital admissions, all ages"
baseline_oct_mar,2025-2026,Maine,199.0,147.0,0.7386934673366834,0.2613065326633166,"RSV hospital admissions, all ages"
early_sep_mar,2025-2026,Maine,199.0,150.0,0.7537688442211056,0.24623115577889443,"RSV hospital admissions, all ages"
late_oct_apr,2025-2026,Maine,199.0,195.0,0.9798994974874372,0.02010050251256279,"RSV hospital admissions, all ages"
extended_sep_apr,2025-2026,Maine,199.0,198.0,0.9949748743718593,0.005025125628140725,"RSV hospital admissions, all ages"
baseline_oct_mar,2025-2026,Maryland,2016.0,1922.0,0.9533730158730159,0.04662698412698407,"RSV hospital admissions, all ages"
early_sep_mar,2025-2026,Maryland,2016.0,1938.0,0.9613095238095238,0.038690476190476164,"RSV hospital admissions, all ages"
late_oct_apr,2025-2026,Maryland,2016.0,1969.0,0.9766865079365079,0.02331349206349209,"RSV hospital admissions, all ages"
extended_sep_apr,2025-2026,Maryland,2016.0,1985.0,0.9846230158730159,0.015376984126984072,"RSV hospital admissions, all ages"
baseline_oct_mar,2025-2026,Massachusetts,2963.0,2480.0,0.8369895376307797,0.16301046236922034,"RSV hospital admissions, all ages"
early_sep_mar,2025-2026,Massachusetts,2963.0,2513.0,0.8481268984137699,0.15187310158623013,"RSV hospital admissions, all ages"
late_oct_apr,2025-2026,Massachusetts,2963.0,2869.0,0.968275396557543,0.03172460344245698,"RSV hospital admissions, all ages"
extended_sep_apr,2025-2026,Massachusetts,2963.0,2902.0,0.9794127573405332,0.020587242659466765,"RSV hospital admissions, all ages"
baseline_oct_mar,2025-2026,Michigan,3446.0,2886.0,0.8374927452118398,0.1625072547881602,"RSV hospital admissions, all ages"
early_sep_mar,2025-2026,Michigan,3446.0,2892.0,0.8392338943702844,0.1607661056297156,"RSV hospital admissions, all ages"
late_oct_apr,2025-2026,Michigan,3446.0,3428.0,0.9947765525246662,0.0052234474753337645,"RSV hospital admissions, all ages"
extended_sep_apr,2025-2026,Michigan,3446.0,3434.0,0.9965177016831108,0.0034822983168891763,"RSV hospital admissions, all ages"
baseline_oct_mar,2025-2026,Minnesota,2149.0,1880.0,0.8748255002326664,0.12517449976733364,"RSV hospital admissions, all ages"
early_sep_mar,2025-2026,Minnesota,2149.0,1894.0,0.8813401582131224,0.1186598417868776,"RSV hospital admissions, all ages"
late_oct_apr,2025-2026,Minnesota,2149.0,2106.0,0.9799906933457422,0.02000930665425782,"RSV hospital admissions, all ages"
extended_sep_apr,2025-2026,Minnesota,2149.0,2120.0,0.9865053513261982,0.01349464867380179,"RSV hospital admissions, all ages"
baseline_oct_mar,2025-2026,Mississippi,866.0,806.0,0.930715935334873,0.06928406466512704,"RSV hospital admissions, all ages"
early_sep_mar,2025-2026,Mississippi,866.0,809.0,0.9341801385681293,0.06581986143187069,"RSV hospital admissions, all ages"
late_oct_apr,2025-2026,Mississippi,866.0,856.0,0.9884526558891455,0.011547344110854452,"RSV hospital admissions, all ages"
extended_sep_apr,2025-2026,Mississippi,866.0,859.0,0.9919168591224018,0.008083140877598205,"RSV hospital admissions, all ages"
baseline_oct_mar,2025-2026,Missouri,2033.0,1828.0,0.8991637973438269,0.1008362026561731,"RSV hospital admissions, all ages"
early_sep_mar,2025-2026,Missouri,2033.0,1830.0,0.9001475651746188,0.0998524348253812,"RSV hospital admissions, all ages"
late_oct_apr,2025-2026,Missouri,2033.0,2017.0,0.9921298573536645,0.007870142646335454,"RSV hospital admissions, all ages"
extended_sep_apr,2025-2026,Missouri,2033.0,2019.0,0.9931136251844564,0.00688637481554355,"RSV hospital admissions, all ages"
baseline_oct_mar,2025-2026,Montana,362.0,236.0,0.6519337016574586,0.34806629834254144,"RSV hospital admissions, all ages"
early_sep_mar,2025-2026,Montana,362.0,269.0,0.7430939226519337,0.25690607734806625,"RSV hospital admissions, all ages"
late_oct_apr,2025-2026,Montana,362.0,328.0,0.9060773480662984,0.09392265193370164,"RSV hospital admissions, all ages"
extended_sep_apr,2025-2026,Montana,362.0,361.0,0.9972375690607734,0.002762430939226568,"RSV hospital admissions, all ages"
baseline_oct_mar,2025-2026,Nebraska,681.0,558.0,0.8193832599118943,0.1806167400881057,"RSV hospital admissions, all ages"
early_sep_mar,2025-2026,Nebraska,681.0,562.0,0.8252569750367107,0.1747430249632893,"RSV hospital admissions, all ages"
late_oct_apr,2025-2026,Nebraska,681.0,666.0,0.9779735682819384,0.022026431718061623,"RSV hospital admissions, all ages"
extended_sep_apr,2025-2026,Nebraska,681.0,670.0,0.9838472834067548,0.016152716593245242,"RSV hospital admissions, all ages"
baseline_oct_mar,2025-2026,Nevada,899.0,852.0,0.9477196885428254,0.0522803114571746,"RSV hospital admissions, all ages"
early_sep_mar,2025-2026,Nevada,899.0,853.0,0.9488320355951056,0.05116796440489435,"RSV hospital admissions, all ages"
late_oct_apr,2025-2026,Nevada,899.0,897.0,0.9977753058954394,0.0022246941045606095,"RSV hospital admissions, all ages"
extended_sep_apr,2025-2026,Nevada,899.0,898.0,0.9988876529477196,0.0011123470522803602,"RSV hospital admissions, all ages"
baseline_oct_mar,2025-2026,New Hampshire,542.0,452.0,0.8339483394833949,0.16605166051660514,"RSV hospital admissions, all ages"
early_sep_mar,2025-2026,New Hampshire,542.0,452.0,0.8339483394833949,0.16605166051660514,"RSV hospital admissions, all ages"
late_oct_apr,2025-2026,New Hampshire,542.0,541.0,0.9981549815498155,0.0018450184501844769,"RSV hospital admissions, all ages"
extended_sep_apr,2025-2026,New Hampshire,542.0,541.0,0.9981549815498155,0.0018450184501844769,"RSV hospital admissions, all ages"
baseline_oct_mar,2025-2026,New Jersey,5101.0,4764.0,0.9339345226426191,0.06606547735738089,"RSV hospital admissions, all ages"
early_sep_mar,2025-2026,New Jersey,5101.0,4811.0,0.9431484022740639,0.056851597725936065,"RSV hospital admissions, all ages"
late_oct_apr,2025-2026,New Jersey,5101.0,5006.0,0.981376200744952,0.01862379925504798,"RSV hospital admissions, all ages"
extended_sep_apr,2025-2026,New Jersey,5101.0,5053.0,0.9905900803763967,0.009409919623603269,"RSV hospital admissions, all ages"
baseline_oct_mar,2025-2026,New Mexico,925.0,823.0,0.8897297297297297,0.11027027027027025,"RSV hospital admissions, all ages"
early_sep_mar,2025-2026,New Mexico,925.0,824.0,0.8908108108108108,0.10918918918918918,"RSV hospital admissions, all ages"
late_oct_apr,2025-2026,New Mexico,925.0,917.0,0.9913513513513513,0.008648648648648671,"RSV hospital admissions, all ages"
extended_sep_apr,2025-2026,New Mexico,925.0,918.0,0.9924324324324324,0.007567567567567601,"RSV hospital admissions, all ages"
baseline_oct_mar,2025-2026,New York,11909.0,10607.0,0.8906709211520699,0.10932907884793008,"RSV hospital admissions, all ages"
early_sep_mar,2025-2026,New York,11909.0,10740.0,0.9018389453354606,0.0981610546645394,"RSV hospital admissions, all ages"
late_oct_apr,2025-2026,New York,11909.0,11645.0,0.9778318918465027,0.022168108153497346,"RSV hospital admissions, all ages"
extended_sep_apr,2025-2026,New York,11909.0,11778.0,0.9889999160298933,0.011000083970106656,"RSV hospital admissions, all ages"
baseline_oct_mar,2025-2026,North Carolina,4289.0,3976.0,0.9270226159944043,0.07297738400559572,"RSV hospital admissions, all ages"
early_sep_mar,2025-2026,North Carolina,4289.0,3998.0,0.9321520167871299,0.06784798321287011,"RSV hospital admissions, all ages"
late_oct_apr,2025-2026,North Carolina,4289.0,4209.0,0.9813476334809978,0.01865236651900215,"RSV hospital admissions, all ages"
extended_sep_apr,2025-2026,North Carolina,4289.0,4231.0,0.9864770342737235,0.013522965726276537,"RSV hospital admissions, all ages"
baseline_oct_mar,2025-2026,North Dakota,296.0,202.0,0.6824324324324325,0.31756756756756754,"RSV hospital admissions, all ages"
early_sep_mar,2025-2026,North Dakota,296.0,202.0,0.6824324324324325,0.31756756756756754,"RSV hospital admissions, all ages"
late_oct_apr,2025-2026,North Dakota,296.0,293.0,0.9898648648648649,0.010135135135135087,"RSV hospital admissions, all ages"
extended_sep_apr,2025-2026,North Dakota,296.0,293.0,0.9898648648648649,0.010135135135135087,"RSV hospital admissions, all ages"
baseline_oct_mar,2025-2026,Ohio,5411.0,5006.0,0.9251524671964517,0.07484753280354828,"RSV hospital admissions, all ages"
early_sep_mar,2025-2026,Ohio,5411.0,5020.0,0.9277397893180558,0.07226021068194421,"RSV hospital admissions, all ages"
late_oct_apr,2025-2026,Ohio,5411.0,5350.0,0.9887266678987248,0.011273332101275235,"RSV hospital admissions, all ages"
extended_sep_apr,2025-2026,Ohio,5411.0,5364.0,0.9913139900203289,0.008686009979671061,"RSV hospital admissions, all ages"
baseline_oct_mar,2025-2026,Oklahoma,964.0,888.0,0.921161825726141,0.07883817427385897,"RSV hospital admissions, all ages"
early_sep_mar,2025-2026,Oklahoma,964.0,891.0,0.9242738589211619,0.07572614107883813,"RSV hospital admissions, all ages"
late_oct_apr,2025-2026,Oklahoma,964.0,944.0,0.979253112033195,0.020746887966805017,"RSV hospital admissions, all ages"
extended_sep_apr,2025-2026,Oklahoma,964.0,947.0,0.9823651452282157,0.01763485477178428,"RSV hospital admissions, all ages"
baseline_oct_mar,2025-2026,Oregon,969.0,869.0,0.8968008255933952,0.10319917440660475,"RSV hospital admissions, all ages"
early_sep_mar,2025-2026,Oregon,969.0,872.0,0.8998968008255934,0.10010319917440658,"RSV hospital admissions, all ages"
late_oct_apr,2025-2026,Oregon,969.0,963.0,0.9938080495356038,0.006191950464396245,"RSV hospital admissions, all ages"
extended_sep_apr,2025-2026,Oregon,969.0,966.0,0.9969040247678018,0.003095975232198178,"RSV hospital admissions, all ages"
baseline_oct_mar,2025-2026,Pennsylvania,9742.0,8345.0,0.8566002874153151,0.14339971258468487,"RSV hospital admissions, all ages"
early_sep_mar,2025-2026,Pennsylvania,9742.0,8490.0,0.8714842948059947,0.12851570519400535,"RSV hospital admissions, all ages"
late_oct_apr,2025-2026,Pennsylvania,9742.0,9271.0,0.9516526380619996,0.04834736193800038,"RSV hospital admissions, all ages"
extended_sep_apr,2025-2026,Pennsylvania,9742.0,9416.0,0.9665366454526791,0.033463354547320856,"RSV hospital admissions, all ages"
baseline_oct_mar,2025-2026,Rhode Island,658.0,574.0,0.8723404255319149,0.12765957446808507,"RSV hospital admissions, all ages"
early_sep_mar,2025-2026,Rhode Island,658.0,579.0,0.8799392097264438,0.1200607902735562,"RSV hospital admissions, all ages"
late_oct_apr,2025-2026,Rhode Island,658.0,648.0,0.9848024316109423,0.015197568389057725,"RSV hospital admissions, all ages"
extended_sep_apr,2025-2026,Rhode Island,658.0,653.0,0.9924012158054711,0.0075987841945288626,"RSV hospital admissions, all ages"
baseline_oct_mar,2025-2026,South Carolina,1957.0,1865.0,0.9529892692897292,0.04701073071027084,"RSV hospital admissions, all ages"
early_sep_mar,2025-2026,South Carolina,1957.0,1879.0,0.9601430761369443,0.03985692386305573,"RSV hospital admissions, all ages"
late_oct_apr,2025-2026,South Carolina,1957.0,1922.0,0.9821154828819622,0.017884517118037846,"RSV hospital admissions, all ages"
extended_sep_apr,2025-2026,South Carolina,1957.0,1936.0,0.9892692897291773,0.01073071027082273,"RSV hospital admissions, all ages"
baseline_oct_mar,2025-2026,South Dakota,354.0,294.0,0.8305084745762712,0.1694915254237288,"RSV hospital admissions, all ages"
early_sep_mar,2025-2026,South Dakota,354.0,294.0,0.8305084745762712,0.1694915254237288,"RSV hospital admissions, all ages"
late_oct_apr,2025-2026,South Dakota,354.0,353.0,0.9971751412429378,0.0028248587570621764,"RSV hospital admissions, all ages"
extended_sep_apr,2025-2026,South Dakota,354.0,353.0,0.9971751412429378,0.0028248587570621764,"RSV hospital admissions, all ages"
baseline_oct_mar,2025-2026,Tennessee,2270.0,2080.0,0.9162995594713657,0.08370044052863435,"RSV hospital admissions, all ages"
early_sep_mar,2025-2026,Tennessee,2270.0,2089.0,0.9202643171806167,0.07973568281938326,"RSV hospital admissions, all ages"
late_oct_apr,2025-2026,Tennessee,2270.0,2243.0,0.9881057268722467,0.011894273127753263,"RSV hospital admissions, all ages"
extended_sep_apr,2025-2026,Tennessee,2270.0,2252.0,0.9920704845814978,0.007929515418502175,"RSV hospital admissions, all ages"
baseline_oct_mar,2025-2026,Texas,10525.0,9839.0,0.9348218527315915,0.06517814726840854,"RSV hospital admissions, all ages"
early_sep_mar,2025-2026,Texas,10525.0,9949.0,0.9452731591448931,0.05472684085510693,"RSV hospital admissions, all ages"
late_oct_apr,2025-2026,Texas,10525.0,10277.0,0.976437054631829,0.02356294536817105,"RSV hospital admissions, all ages"
extended_sep_apr,2025-2026,Texas,10525.0,10387.0,0.9868883610451307,0.013111638954869331,"RSV hospital admissions, all ages"
baseline_oct_mar,2025-2026,Utah,503.0,472.0,0.9383697813121272,0.06163021868787277,"RSV hospital admissions, all ages"
early_sep_mar,2025-2026,Utah,503.0,472.0,0.9383697813121272,0.06163021868787277,"RSV hospital admissions, all ages"
late_oct_apr,2025-2026,Utah,503.0,500.0,0.9940357852882704,0.005964214711729587,"RSV hospital admissions, all ages"
extended_sep_apr,2025-2026,Utah,503.0,500.0,0.9940357852882704,0.005964214711729587,"RSV hospital admissions, all ages"
baseline_oct_mar,2025-2026,Vermont,197.0,147.0,0.7461928934010152,0.25380710659898476,"RSV hospital admissions, all ages"
early_sep_mar,2025-2026,Vermont,197.0,147.0,0.7461928934010152,0.25380710659898476,"RSV hospital admissions, all ages"
late_oct_apr,2025-2026,Vermont,197.0,196.0,0.9949238578680203,0.005076142131979711,"RSV hospital admissions, all ages"
extended_sep_apr,2025-2026,Vermont,197.0,196.0,0.9949238578680203,0.005076142131979711,"RSV hospital admissions, all ages"
baseline_oct_mar,2025-2026,Virginia,2272.0,2119.0,0.9326584507042254,0.06734154929577463,"RSV hospital admissions, all ages"
early_sep_mar,2025-2026,Virginia,2272.0,2148.0,0.9454225352112676,0.05457746478873238,"RSV hospital admissions, all ages"
late_oct_apr,2025-2026,Virginia,2272.0,2225.0,0.9793133802816901,0.020686619718309873,"RSV hospital admissions, all ages"
extended_sep_apr,2025-2026,Virginia,2272.0,2254.0,0.9920774647887324,0.007922535211267623,"RSV hospital admissions, all ages"
baseline_oct_mar,2025-2026,Washington,1314.0,1143.0,0.8698630136986302,0.13013698630136983,"RSV hospital admissions, all ages"
early_sep_mar,2025-2026,Washington,1314.0,1149.0,0.8744292237442922,0.12557077625570778,"RSV hospital admissions, all ages"
late_oct_apr,2025-2026,Washington,1314.0,1302.0,0.9908675799086758,0.0091324200913242,"RSV hospital admissions, all ages"
extended_sep_apr,2025-2026,Washington,1314.0,1308.0,0.9954337899543378,0.004566210045662156,"RSV hospital admissions, all ages"
baseline_oct_mar,2025-2026,West Virginia,1170.0,921.0,0.7871794871794872,0.21282051282051284,"RSV hospital admissions, all ages"
early_sep_mar,2025-2026,West Virginia,1170.0,924.0,0.7897435897435897,0.2102564102564103,"RSV hospital admissions, all ages"
late_oct_apr,2025-2026,West Virginia,1170.0,1150.0,0.9829059829059829,0.017094017094017144,"RSV hospital admissions, all ages"
extended_sep_apr,2025-2026,West Virginia,1170.0,1153.0,0.9854700854700855,0.014529914529914478,"RSV hospital admissions, all ages"
baseline_oct_mar,2025-2026,Wisconsin,2214.0,1787.0,0.8071364046973803,0.19286359530261965,"RSV hospital admissions, all ages"
early_sep_mar,2025-2026,Wisconsin,2214.0,1806.0,0.8157181571815718,0.1842818428184282,"RSV hospital admissions, all ages"
late_oct_apr,2025-2026,Wisconsin,2214.0,2175.0,0.9823848238482384,0.017615176151761558,"RSV hospital admissions, all ages"
extended_sep_apr,2025-2026,Wisconsin,2214.0,2194.0,0.99096657633243,0.009033423667569984,"RSV hospital admissions, all ages"
baseline_oct_mar,2025-2026,Wyoming,285.0,210.0,0.7368421052631579,0.26315789473684215,"RSV hospital admissions, all ages"
early_sep_mar,2025-2026,Wyoming,285.0,210.0,0.7368421052631579,0.26315789473684215,"RSV hospital admissions, all ages"
late_oct_apr,2025-2026,Wyoming,285.0,285.0,1.0,0.0,"RSV hospital admissions, all ages"
extended_sep_apr,2025-2026,Wyoming,285.0,285.0,1.0,0.0,"RSV hospital admissions, all ages"
